Workbook
Name _1: 'Jan-2026'!$J$9
Name _2: 'Jan-2026'!$AU$9
Name _3: 'Jan-2026'!$CF$9
Name _4: 'Jan-2026'!$DQ$9
Name _5: 'Jan-2026'!$FB$9
Name _6: 'Jan-2026'!$GM$9
Name _7: 'Jan-2026'!$HX$9
Name _8: 'Jan-2026'!$JI$9
Name D: 'Jan-2026'!$A:$A
Name L: 'Jan-2026'!$MC$9
Name S: 'Jan-2026'!$KT:$KT
Name T: 'Jan-2026'!$MM:$MM

Sheet Summary
B1: Ink & Solvent Cost - December 2025 | F1: sample
C2: =SUBTOTAL(9,C4:C1048576) -> 0 | D2: 0 | F2: =SUMIF(D:D,F1,C:C) -> 0 | G2: =+C2-F2 -> 0
B3: WO # | C3: Ink & Solvent Cost (AED) | D3: check
B4: 64411 | C4: =SUMIF(Calculation!$A:$A,Summary!B4,Calculation!$C:$C) -> 0 | D4: SAMPLE
B5: 64437 | C5: =SUMIF(Calculation!$A:$A,Summary!B5,Calculation!$C:$C) -> 0 | D5: SAMPLE
B6: 64438 | C6: =SUMIF(Calculation!$A:$A,Summary!B6,Calculation!$C:$C) -> 0 | D6: SFG
B7: B00694 | C7: =SUMIF(Calculation!$A:$A,Summary!B7,Calculation!$C:$C) -> 0 | D7: SFG
B8: B00857 | C8: =SUMIF(Calculation!$A:$A,Summary!B8,Calculation!$C:$C) -> 0 | D8: SFG
B9: B00858 | C9: =SUMIF(Calculation!$A:$A,Summary!B9,Calculation!$C:$C) -> 0 | D9: SFG
B10: B00957 | C10: =SUMIF(Calculation!$A:$A,Summary!B10,Calculation!$C:$C) -> 0 | D10: SFG
B11: B00966 | C11: =SUMIF(Calculation!$A:$A,Summary!B11,Calculation!$C:$C) -> 0 | D11: SFG
B12: B00970 | C12: =SUMIF(Calculation!$A:$A,Summary!B12,Calculation!$C:$C) -> 0 | D12: SFG
B13: B00978 | C13: =SUMIF(Calculation!$A:$A,Summary!B13,Calculation!$C:$C) -> 0 | D13: SFG
B14: B00981 | C14: =SUMIF(Calculation!$A:$A,Summary!B14,Calculation!$C:$C) -> 0 | D14: SFG
B15: B00985 | C15: =SUMIF(Calculation!$A:$A,Summary!B15,Calculation!$C:$C) -> 0 | D15: SFG
B16: B00990 | C16: =SUMIF(Calculation!$A:$A,Summary!B16,Calculation!$C:$C) -> 0 | D16: SFG
B17: B00992 | C17: =SUMIF(Calculation!$A:$A,Summary!B17,Calculation!$C:$C) -> 0 | D17: SFG
B18: B00993 | C18: =SUMIF(Calculation!$A:$A,Summary!B18,Calculation!$C:$C) -> 0 | D18: SFG
... B438: C01369 | C438: =SUMIF(Calculation!$A:$A,Summary!B438,Calculation!$C:$C) -> 0 | D438: SFG
C439: =SUMIF(Calculation!$A:$A,Summary!B439,Calculation!$C:$C) -> 0
C440: =SUMIF(Calculation!$A:$A,Summary!B440,Calculation!$C:$C) -> 0 | D440: 0
C441: =SUMIF(Calculation!$A:$A,Summary!B441,Calculation!$C:$C) -> 0
C442: =SUMIF(Calculation!$A:$A,Summary!B442,Calculation!$C:$C) -> 0
C443: =SUMIF(Calculation!$A:$A,Summary!B443,Calculation!$C:$C) -> 0 | D443: 0
C444: =SUMIF(Calculation!$A:$A,Summary!B444,Calculation!$C:$C) -> 0
C445: =SUMIF(Calculation!$A:$A,Summary!B445,Calculation!$C:$C) -> 0
C446: =SUMIF(Calculation!$A:$A,Summary!B446,Calculation!$C:$C) -> 0 | D446: 0
C447: =SUMIF(Calculation!$A:$A,Summary!B447,Calculation!$C:$C) -> 0

Sheet Calculation
A2: FILTER ONLY COMBIMED WORK ORDERS AND PASTE BELOW
A3: Row Labels | B3: Sum of x2 | C3: Sum of Value
A4: B00974 | B4: 23900 | C4: 0
A5: B01011 | B5: 8000 | C5: 0
A6: B01018 | B6: 25800 | C6: 0
A7: B01025 | B7: 12600 | C7: 0
A8: B01030 | B8: 60800 | C8: 0
A9: B01031/B01032 | B9: 32850 | C9: 0
A10: B01037 | B10: 29000 | C10: 0
A11: B01038 | B11: 10100 | C11: 0
A12: B01041 | B12: 3500 | C12: 0
A13: B01042 | B13: 36900 | C13: 0
A14: B01043 | B14: 8800 | C14: 0
A15: B01046 | B15: 20100 | C15: 0
... A393: Grand Total | B393: 13565850 | C393: 0
A399: Combined Work Orders | B399: Sum of Mtrs | C399: Sum of Value | D399: Mtr | E399: Value | F399: WO | G399: Mtrs | H399: Amt | I399: WO | J399: Mtrs | K399: Amt | L399: WO | M399: Mtrs | N399: Amt | O399: WO | P399: Mtrs | Q399: Amt | R399: WO | S399: Mtrs | T399: Amt | U399: WO | V399: Mtrs | W399: Amt | X399: WO | Y399: Mtrs | Z399: Amt | AA399: WO | AB399: Mtrs | AC399: Amt | AD399: WO | AE399: Mtrs | AF399: Amt | AG399: WO | AH399: Mtrs | AI399: Amt | AJ399: WO | AK399: Mtrs | AL399: Amt | AM399: WO | AN399: Mtrs | AO399: Amt | AP399: WO | AQ399: Mtrs | AR399: Amt | AS399: WO | AT399: Mtrs | AU399: Amt | AV399: WO | AW399: Mtrs | AX399: Amt | AY399: WO | AZ399: Mtrs | BA399: Amt | BB399: WO | BC399: Mtrs | BD399: Amt | BE399: WO | BF399: Mtrs | BG399: Amt | BH399: WO | BI399: Mtrs | BJ399: Amt | BK399: WO | BL399: Mtrs | BM399: Amt | BN399: WO | BO399: Mtrs | BP399: Amt | BQ399: Total mtrs | BR399: Total amt
D400: =IF(F400<>"",B400-BQ400,0) -> 0 | E400: =IF(F400<>"",C400-H400-K400-N400-Q400-T400-W400-Z400-AC400-AF400-AI400-AL400-AO400-AR400-AU400-AX400-BA400-BD400-BG400-BJ400-BM400-BP400,0) -> 0 | G400: =_xlfn.IFNA(VLOOKUP(F400,Ptd_Mtr!$A:$B,2,FALSE),0) -> 0 | H400: =IF(G400=0,0,G400/$BQ400*$BR400) -> 0 | J400: =_xlfn.IFNA(VLOOKUP(I400,Ptd_Mtr!$A:$B,2,FALSE),0) -> 0 | K400: =IF(J400=0,0,J400/$BQ400*$BR400) -> 0 | M400: =_xlfn.IFNA(VLOOKUP(L400,Ptd_Mtr!$A:$B,2,FALSE),0) -> 0 | N400: =IF(M400=0,0,M400/$BQ400*$BR400) -> 0 | P400: =_xlfn.IFNA(VLOOKUP(O400,Ptd_Mtr!$A:$B,2,FALSE),0) -> 0 | Q400: =IF(P400=0,0,P400/$BQ400*$BR400) -> 0 | S400: =_xlfn.IFNA(VLOOKUP(R400,Ptd_Mtr!$A:$B,2,FALSE),0) -> 0 | T400: =IF(S400=0,0,S400/$BQ400*$BR400) -> 0 | V400: =_xlfn.IFNA(VLOOKUP(U400,Ptd_Mtr!$A:$B,2,FALSE),0) -> 0 | W400: =IF(V400=0,0,V400/$BQ400*$BR400) -> 0 | Y400: =_xlfn.IFNA(VLOOKUP(X400,Ptd_Mtr!$A:$B,2,FALSE),0) -> 0 | Z400: =IF(Y400=0,0,Y400/$BQ400*$BR400) -> 0 | AB400: =_xlfn.IFNA(VLOOKUP(AA400,Ptd_Mtr!$A:$B,2,FALSE),0) -> 0 | AC400: =IF(AB400=0,0,AB400/$BQ400*$BR400) -> 0 | AE400: =_xlfn.IFNA(VLOOKUP(AD400,Ptd_Mtr!$A:$B,2,FALSE),0) -> 0 | AF400: =IF(AE400=0,0,AE400/$BQ400*$BR400) -> 0 | AH400: =_xlfn.IFNA(VLOOKUP(AG400,Ptd_Mtr!$A:$B,2,FALSE),0) -> 0 | AI400: =IF(AH400=0,0,AH400/$BQ400*$BR400) -> 0 | AK400: =_xlfn.IFNA(VLOOKUP(AJ400,Ptd_Mtr!$A:$B,2,FALSE),0) -> 0 | AL400: =IF(AK400=0,0,AK400/$BQ400*$BR400) -> 0 | AN400: =_xlfn.IFNA(VLOOKUP(AM400,Ptd_Mtr!$A:$B,2,FALSE),0) -> 0 | AO400: =IF(AN400=0,0,AN400/$BQ400*$BR400) -> 0 | AQ400: =_xlfn.IFNA(VLOOKUP(AP400,Ptd_Mtr!$A:$B,2,FALSE),0) -> 0 | AR400: =IF(AQ400=0,0,AQ400/$BQ400*$BR400) -> 0 | AT400: =_xlfn.IFNA(VLOOKUP(AS400,Ptd_Mtr!$A:$B,2,FALSE),0) -> 0 | AU400: =IF(AT400=0,0,AT400/$BQ400*$BR400) -> 0 | AW400: =_xlfn.IFNA(VLOOKUP(AV400,Ptd_Mtr!$A:$B,2,FALSE),0) -> 0 | AX400: =IF(AW400=0,0,AW400/$BQ400*$BR400) -> 0 | AZ400: =_xlfn.IFNA(VLOOKUP(AY400,Ptd_Mtr!$A:$B,2,FALSE),0) -> 0 | BA400: =IF(AZ400=0,0,AZ400/$BQ400*$BR400) -> 0 | BC400: =_xlfn.IFNA(VLOOKUP(BB400,Ptd_Mtr!$A:$B,2,FALSE),0) -> 0 | BD400: =IF(BC400=0,0,BC400/$BQ400*$BR400) -> 0 | BF400: =_xlfn.IFNA(VLOOKUP(BE400,Ptd_Mtr!$A:$B,2,FALSE),0) -> 0 | BG400: =IF(BF400=0,0,BF400/$BQ400*$BR400) -> 0 | BI400: =_xlfn.IFNA(VLOOKUP(BH400,Ptd_Mtr!$A:$B,2,FALSE),0) -> 0 | BJ400: =IF(BI400=0,0,BI400/$BQ400*$BR400) -> 0 | BL400: =_xlfn.IFNA(VLOOKUP(BK400,Ptd_Mtr!$A:$B,2,FALSE),0) -> 0 | BM400: =IF(BL400=0,0,BL400/$BQ400*$BR400) -> 0 | BO400: =_xlfn.IFNA(VLOOKUP(BN400,Ptd_Mtr!$A:$B,2,FALSE),0) -> 0 | BP400: =IF(BO400=0,0,BO400/$BQ400*$BR400) -> 0 | BQ400: =+M400+J400+P400+S400+V400+G400+Y400+AB400+AE400+AH400+AK400+AN400+AQ400+AT400+AW400+AZ400+BC400+BF400+BI400+BL400+BO400 -> 0 | BR400: =IF(F400<>"",C400,0) -> 0
D401: =IF(F401<>"",B401-BQ401,0) -> 0 | E401: =IF(F401<>"",C401-H401-K401-N401-Q401-T401-W401-Z401-AC401-AF401-AI401-AL401-AO401-AR401-AU401-AX401-BA401-BD401-BG401-BJ401-BM401-BP401,0) -> 0 | G401: =_xlfn.IFNA(VLOOKUP(F401,Ptd_Mtr!$A:$B,2,FALSE),0) -> 0 | H401: =IF(G401=0,0,G401/$BQ401*$BR401) -> 0 | J401: =_xlfn.IFNA(VLOOKUP(I401,Ptd_Mtr!$A:$B,2,FALSE),0) -> 0 | K401: =IF(J401=0,0,J401/$BQ401*$BR401) -> 0 | M401: =_xlfn.IFNA(VLOOKUP(L401,Ptd_Mtr!$A:$B,2,FALSE),0) -> 0 | N401: =IF(M401=0,0,M401/$BQ401*$BR401) -> 0 | P401: =_xlfn.IFNA(VLOOKUP(O401,Ptd_Mtr!$A:$B,2,FALSE),0) -> 0 | Q401: =IF(P401=0,0,P401/$BQ401*$BR401) -> 0 | S401: =_xlfn.IFNA(VLOOKUP(R401,Ptd_Mtr!$A:$B,2,FALSE),0) -> 0 | T401: =IF(S401=0,0,S401/$BQ401*$BR401) -> 0 | V401: =_xlfn.IFNA(VLOOKUP(U401,Ptd_Mtr!$A:$B,2,FALSE),0) -> 0 | W401: =IF(V401=0,0,V401/$BQ401*$BR401) -> 0 | Y401: =_xlfn.IFNA(VLOOKUP(X401,Ptd_Mtr!$A:$B,2,FALSE),0) -> 0 | Z401: =IF(Y401=0,0,Y401/$BQ401*$BR401) -> 0 | AB401: =_xlfn.IFNA(VLOOKUP(AA401,Ptd_Mtr!$A:$B,2,FALSE),0) -> 0 | AC401: =IF(AB401=0,0,AB401/$BQ401*$BR401) -> 0 | AE401: =_xlfn.IFNA(VLOOKUP(AD401,Ptd_Mtr!$A:$B,2,FALSE),0) -> 0 | AF401: =IF(AE401=0,0,AE401/$BQ401*$BR401) -> 0 | AH401: =_xlfn.IFNA(VLOOKUP(AG401,Ptd_Mtr!$A:$B,2,FALSE),0) -> 0 | AI401: =IF(AH401=0,0,AH401/$BQ401*$BR401) -> 0 | AK401: =_xlfn.IFNA(VLOOKUP(AJ401,Ptd_Mtr!$A:$B,2,FALSE),0) -> 0 | AL401: =IF(AK401=0,0,AK401/$BQ401*$BR401) -> 0 | AN401: =_xlfn.IFNA(VLOOKUP(AM401,Ptd_Mtr!$A:$B,2,FALSE),0) -> 0 | AO401: =IF(AN401=0,0,AN401/$BQ401*$BR401) -> 0 | AQ401: =_xlfn.IFNA(VLOOKUP(AP401,Ptd_Mtr!$A:$B,2,FALSE),0) -> 0 | AR401: =IF(AQ401=0,0,AQ401/$BQ401*$BR401) -> 0 | AT401: =_xlfn.IFNA(VLOOKUP(AS401,Ptd_Mtr!$A:$B,2,FALSE),0) -> 0 | AU401: =IF(AT401=0,0,AT401/$BQ401*$BR401) -> 0 | AW401: =_xlfn.IFNA(VLOOKUP(AV401,Ptd_Mtr!$A:$B,2,FALSE),0) -> 0 | AX401: =IF(AW401=0,0,AW401/$BQ401*$BR401) -> 0 | AZ401: =_xlfn.IFNA(VLOOKUP(AY401,Ptd_Mtr!$A:$B,2,FALSE),0) -> 0 | BA401: =IF(AZ401=0,0,AZ401/$BQ401*$BR401) -> 0 | BC401: =_xlfn.IFNA(VLOOKUP(BB401,Ptd_Mtr!$A:$B,2,FALSE),0) -> 0 | BD401: =IF(BC401=0,0,BC401/$BQ401*$BR401) -> 0 | BF401: =_xlfn.IFNA(VLOOKUP(BE401,Ptd_Mtr!$A:$B,2,FALSE),0) -> 0 | BG401: =IF(BF401=0,0,BF401/$BQ401*$BR401) -> 0 | BI401: =_xlfn.IFNA(VLOOKUP(BH401,Ptd_Mtr!$A:$B,2,FALSE),0) -> 0 | BJ401: =IF(BI401=0,0,BI401/$BQ401*$BR401) -> 0 | BL401: =_xlfn.IFNA(VLOOKUP(BK401,Ptd_Mtr!$A:$B,2,FALSE),0) -> 0 | BM401: =IF(BL401=0,0,BL401/$BQ401*$BR401) -> 0 | BO401: =_xlfn.IFNA(VLOOKUP(BN401,Ptd_Mtr!$A:$B,2,FALSE),0) -> 0 | BP401: =IF(BO401=0,0,BO401/$BQ401*$BR401) -> 0 | BQ401: =+M401+J401+P401+S401+V401+G401+Y401+AB401+AE401+AH401+AK401+AN401+AQ401+AT401+AW401+AZ401+BC401+BF401+BI401+BL401+BO401 -> 0 | BR401: =IF(F401<>"",C401,0) -> 0
D402: =IF(F402<>"",B402-BQ402,0) -> 0 | E402: =IF(F402<>"",C402-H402-K402-N402-Q402-T402-W402-Z402-AC402-AF402-AI402-AL402-AO402-AR402-AU402-AX402-BA402-BD402-BG402-BJ402-BM402-BP402,0) -> 0 | G402: =_xlfn.IFNA(VLOOKUP(F402,Ptd_Mtr!$A:$B,2,FALSE),0) -> 0 | H402: =IF(G402=0,0,G402/$BQ402*$BR402) -> 0 | J402: =_xlfn.IFNA(VLOOKUP(I402,Ptd_Mtr!$A:$B,2,FALSE),0) -> 0 | K402: =IF(J402=0,0,J402/$BQ402*$BR402) -> 0 | M402: =_xlfn.IFNA(VLOOKUP(L402,Ptd_Mtr!$A:$B,2,FALSE),0) -> 0 | N402: =IF(M402=0,0,M402/$BQ402*$BR402) -> 0 | P402: =_xlfn.IFNA(VLOOKUP(O402,Ptd_Mtr!$A:$B,2,FALSE),0) -> 0 | Q402: =IF(P402=0,0,P402/$BQ402*$BR402) -> 0 | S402: =_xlfn.IFNA(VLOOKUP(R402,Ptd_Mtr!$A:$B,2,FALSE),0) -> 0 | T402: =IF(S402=0,0,S402/$BQ402*$BR402) -> 0 | V402: =_xlfn.IFNA(VLOOKUP(U402,Ptd_Mtr!$A:$B,2,FALSE),0) -> 0 | W402: =IF(V402=0,0,V402/$BQ402*$BR402) -> 0 | Y402: =_xlfn.IFNA(VLOOKUP(X402,Ptd_Mtr!$A:$B,2,FALSE),0) -> 0 | Z402: =IF(Y402=0,0,Y402/$BQ402*$BR402) -> 0 | AB402: =_xlfn.IFNA(VLOOKUP(AA402,Ptd_Mtr!$A:$B,2,FALSE),0) -> 0 | AC402: =IF(AB402=0,0,AB402/$BQ402*$BR402) -> 0 | AE402: =_xlfn.IFNA(VLOOKUP(AD402,Ptd_Mtr!$A:$B,2,FALSE),0) -> 0 | AF402: =IF(AE402=0,0,AE402/$BQ402*$BR402) -> 0 | AH402: =_xlfn.IFNA(VLOOKUP(AG402,Ptd_Mtr!$A:$B,2,FALSE),0) -> 0 | AI402: =IF(AH402=0,0,AH402/$BQ402*$BR402) -> 0 | AK402: =_xlfn.IFNA(VLOOKUP(AJ402,Ptd_Mtr!$A:$B,2,FALSE),0) -> 0 | AL402: =IF(AK402=0,0,AK402/$BQ402*$BR402) -> 0 | AN402: =_xlfn.IFNA(VLOOKUP(AM402,Ptd_Mtr!$A:$B,2,FALSE),0) -> 0 | AO402: =IF(AN402=0,0,AN402/$BQ402*$BR402) -> 0 | AQ402: =_xlfn.IFNA(VLOOKUP(AP402,Ptd_Mtr!$A:$B,2,FALSE),0) -> 0 | AR402: =IF(AQ402=0,0,AQ402/$BQ402*$BR402) -> 0 | AT402: =_xlfn.IFNA(VLOOKUP(AS402,Ptd_Mtr!$A:$B,2,FALSE),0) -> 0 | AU402: =IF(AT402=0,0,AT402/$BQ402*$BR402) -> 0 | AW402: =_xlfn.IFNA(VLOOKUP(AV402,Ptd_Mtr!$A:$B,2,FALSE),0) -> 0 | AX402: =IF(AW402=0,0,AW402/$BQ402*$BR402) -> 0 | AZ402: =_xlfn.IFNA(VLOOKUP(AY402,Ptd_Mtr!$A:$B,2,FALSE),0) -> 0 | BA402: =IF(AZ402=0,0,AZ402/$BQ402*$BR402) -> 0 | BC402: =_xlfn.IFNA(VLOOKUP(BB402,Ptd_Mtr!$A:$B,2,FALSE),0) -> 0 | BD402: =IF(BC402=0,0,BC402/$BQ402*$BR402) -> 0 | BF402: =_xlfn.IFNA(VLOOKUP(BE402,Ptd_Mtr!$A:$B,2,FALSE),0) -> 0 | BG402: =IF(BF402=0,0,BF402/$BQ402*$BR402) -> 0 | BI402: =_xlfn.IFNA(VLOOKUP(BH402,Ptd_Mtr!$A:$B,2,FALSE),0) -> 0 | BJ402: =IF(BI402=0,0,BI402/$BQ402*$BR402) -> 0 | BL402: =_xlfn.IFNA(VLOOKUP(BK402,Ptd_Mtr!$A:$B,2,FALSE),0) -> 0 | BM402: =IF(BL402=0,0,BL402/$BQ402*$BR402) -> 0 | BO402: =_xlfn.IFNA(VLOOKUP(BN402,Ptd_Mtr!$A:$B,2,FALSE),0) -> 0 | BP402: =IF(BO402=0,0,BO402/$BQ402*$BR402) -> 0 | BQ402: =+M402+J402+P402+S402+V402+G402+Y402+AB402+AE402+AH402+AK402+AN402+AQ402+AT402+AW402+AZ402+BC402+BF402+BI402+BL402+BO402 -> 0 | BR402: =IF(F402<>"",C402,0) -> 0
D403: =IF(F403<>"",B403-BQ403,0) -> 0 | E403: =IF(F403<>"",C403-H403-K403-N403-Q403-T403-W403-Z403-AC403-AF403-AI403-AL403-AO403-AR403-AU403-AX403-BA403-BD403-BG403-BJ403-BM403-BP403,0) -> 0 | G403: =_xlfn.IFNA(VLOOKUP(F403,Ptd_Mtr!$A:$B,2,FALSE),0) -> 0 | H403: =IF(G403=0,0,G403/$BQ403*$BR403) -> 0 | J403: =_xlfn.IFNA(VLOOKUP(I403,Ptd_Mtr!$A:$B,2,FALSE),0) -> 0 | K403: =IF(J403=0,0,J403/$BQ403*$BR403) -> 0 | M403: =_xlfn.IFNA(VLOOKUP(L403,Ptd_Mtr!$A:$B,2,FALSE),0) -> 0 | N403: =IF(M403=0,0,M403/$BQ403*$BR403) -> 0 | P403: =_xlfn.IFNA(VLOOKUP(O403,Ptd_Mtr!$A:$B,2,FALSE),0) -> 0 | Q403: =IF(P403=0,0,P403/$BQ403*$BR403) -> 0 | S403: =_xlfn.IFNA(VLOOKUP(R403,Ptd_Mtr!$A:$B,2,FALSE),0) -> 0 | T403: =IF(S403=0,0,S403/$BQ403*$BR403) -> 0 | V403: =_xlfn.IFNA(VLOOKUP(U403,Ptd_Mtr!$A:$B,2,FALSE),0) -> 0 | W403: =IF(V403=0,0,V403/$BQ403*$BR403) -> 0 | Y403: =_xlfn.IFNA(VLOOKUP(X403,Ptd_Mtr!$A:$B,2,FALSE),0) -> 0 | Z403: =IF(Y403=0,0,Y403/$BQ403*$BR403) -> 0 | AB403: =_xlfn.IFNA(VLOOKUP(AA403,Ptd_Mtr!$A:$B,2,FALSE),0) -> 0 | AC403: =IF(AB403=0,0,AB403/$BQ403*$BR403) -> 0 | AE403: =_xlfn.IFNA(VLOOKUP(AD403,Ptd_Mtr!$A:$B,2,FALSE),0) -> 0 | AF403: =IF(AE403=0,0,AE403/$BQ403*$BR403) -> 0 | AH403: =_xlfn.IFNA(VLOOKUP(AG403,Ptd_Mtr!$A:$B,2,FALSE),0) -> 0 | AI403: =IF(AH403=0,0,AH403/$BQ403*$BR403) -> 0 | AK403: =_xlfn.IFNA(VLOOKUP(AJ403,Ptd_Mtr!$A:$B,2,FALSE),0) -> 0 | AL403: =IF(AK403=0,0,AK403/$BQ403*$BR403) -> 0 | AN403: =_xlfn.IFNA(VLOOKUP(AM403,Ptd_Mtr!$A:$B,2,FALSE),0) -> 0 | AO403: =IF(AN403=0,0,AN403/$BQ403*$BR403) -> 0 | AQ403: =_xlfn.IFNA(VLOOKUP(AP403,Ptd_Mtr!$A:$B,2,FALSE),0) -> 0 | AR403: =IF(AQ403=0,0,AQ403/$BQ403*$BR403) -> 0 | AT403: =_xlfn.IFNA(VLOOKUP(AS403,Ptd_Mtr!$A:$B,2,FALSE),0) -> 0 | AU403: =IF(AT403=0,0,AT403/$BQ403*$BR403) -> 0 | AW403: =_xlfn.IFNA(VLOOKUP(AV403,Ptd_Mtr!$A:$B,2,FALSE),0) -> 0 | AX403: =IF(AW403=0,0,AW403/$BQ403*$BR403) -> 0 | AZ403: =_xlfn.IFNA(VLOOKUP(AY403,Ptd_Mtr!$A:$B,2,FALSE),0) -> 0 | BA403: =IF(AZ403=0,0,AZ403/$BQ403*$BR403) -> 0 | BC403: =_xlfn.IFNA(VLOOKUP(BB403,Ptd_Mtr!$A:$B,2,FALSE),0) -> 0 | BD403: =IF(BC403=0,0,BC403/$BQ403*$BR403) -> 0 | BF403: =_xlfn.IFNA(VLOOKUP(BE403,Ptd_Mtr!$A:$B,2,FALSE),0) -> 0 | BG403: =IF(BF403=0,0,BF403/$BQ403*$BR403) -> 0 | BI403: =_xlfn.IFNA(VLOOKUP(BH403,Ptd_Mtr!$A:$B,2,FALSE),0) -> 0 | BJ403: =IF(BI403=0,0,BI403/$BQ403*$BR403) -> 0 | BL403: =_xlfn.IFNA(VLOOKUP(BK403,Ptd_Mtr!$A:$B,2,FALSE),0) -> 0 | BM403: =IF(BL403=0,0,BL403/$BQ403*$BR403) -> 0 | BO403: =_xlfn.IFNA(VLOOKUP(BN403,Ptd_Mtr!$A:$B,2,FALSE),0) -> 0 | BP403: =IF(BO403=0,0,BO403/$BQ403*$BR403) -> 0 | BQ403: =+M403+J403+P403+S403+V403+G403+Y403+AB403+AE403+AH403+AK403+AN403+AQ403+AT403+AW403+AZ403+BC403+BF403+BI403+BL403+BO403 -> 0 | BR403: =IF(F403<>"",C403,0) -> 0
D404: =IF(F404<>"",B404-BQ404,0) -> 0 | E404: =IF(F404<>"",C404-H404-K404-N404-Q404-T404-W404-Z404-AC404-AF404-AI404-AL404-AO404-AR404-AU404-AX404-BA404-BD404-BG404-BJ404-BM404-BP404,0) -> 0 | G404: =_xlfn.IFNA(VLOOKUP(F404,Ptd_Mtr!$A:$B,2,FALSE),0) -> 0 | H404: =IF(G404=0,0,G404/$BQ404*$BR404) -> 0 | J404: =_xlfn.IFNA(VLOOKUP(I404,Ptd_Mtr!$A:$B,2,FALSE),0) -> 0 | K404: =IF(J404=0,0,J404/$BQ404*$BR404) -> 0 | M404: =_xlfn.IFNA(VLOOKUP(L404,Ptd_Mtr!$A:$B,2,FALSE),0) -> 0 | N404: =IF(M404=0,0,M404/$BQ404*$BR404) -> 0 | P404: =_xlfn.IFNA(VLOOKUP(O404,Ptd_Mtr!$A:$B,2,FALSE),0) -> 0 | Q404: =IF(P404=0,0,P404/$BQ404*$BR404) -> 0 | S404: =_xlfn.IFNA(VLOOKUP(R404,Ptd_Mtr!$A:$B,2,FALSE),0) -> 0 | T404: =IF(S404=0,0,S404/$BQ404*$BR404) -> 0 | V404: =_xlfn.IFNA(VLOOKUP(U404,Ptd_Mtr!$A:$B,2,FALSE),0) -> 0 | W404: =IF(V404=0,0,V404/$BQ404*$BR404) -> 0 | Y404: =_xlfn.IFNA(VLOOKUP(X404,Ptd_Mtr!$A:$B,2,FALSE),0) -> 0 | Z404: =IF(Y404=0,0,Y404/$BQ404*$BR404) -> 0 | AB404: =_xlfn.IFNA(VLOOKUP(AA404,Ptd_Mtr!$A:$B,2,FALSE),0) -> 0 | AC404: =IF(AB404=0,0,AB404/$BQ404*$BR404) -> 0 | AE404: =_xlfn.IFNA(VLOOKUP(AD404,Ptd_Mtr!$A:$B,2,FALSE),0) -> 0 | AF404: =IF(AE404=0,0,AE404/$BQ404*$BR404) -> 0 | AH404: =_xlfn.IFNA(VLOOKUP(AG404,Ptd_Mtr!$A:$B,2,FALSE),0) -> 0 | AI404: =IF(AH404=0,0,AH404/$BQ404*$BR404) -> 0 | AK404: =_xlfn.IFNA(VLOOKUP(AJ404,Ptd_Mtr!$A:$B,2,FALSE),0) -> 0 | AL404: =IF(AK404=0,0,AK404/$BQ404*$BR404) -> 0 | AN404: =_xlfn.IFNA(VLOOKUP(AM404,Ptd_Mtr!$A:$B,2,FALSE),0) -> 0 | AO404: =IF(AN404=0,0,AN404/$BQ404*$BR404) -> 0 | AQ404: =_xlfn.IFNA(VLOOKUP(AP404,Ptd_Mtr!$A:$B,2,FALSE),0) -> 0 | AR404: =IF(AQ404=0,0,AQ404/$BQ404*$BR404) -> 0 | AT404: =_xlfn.IFNA(VLOOKUP(AS404,Ptd_Mtr!$A:$B,2,FALSE),0) -> 0 | AU404: =IF(AT404=0,0,AT404/$BQ404*$BR404) -> 0 | AW404: =_xlfn.IFNA(VLOOKUP(AV404,Ptd_Mtr!$A:$B,2,FALSE),0) -> 0 | AX404: =IF(AW404=0,0,AW404/$BQ404*$BR404) -> 0 | AZ404: =_xlfn.IFNA(VLOOKUP(AY404,Ptd_Mtr!$A:$B,2,FALSE),0) -> 0 | BA404: =IF(AZ404=0,0,AZ404/$BQ404*$BR404) -> 0 | BC404: =_xlfn.IFNA(VLOOKUP(BB404,Ptd_Mtr!$A:$B,2,FALSE),0) -> 0 | BD404: =IF(BC404=0,0,BC404/$BQ404*$BR404) -> 0 | BF404: =_xlfn.IFNA(VLOOKUP(BE404,Ptd_Mtr!$A:$B,2,FALSE),0) -> 0 | BG404: =IF(BF404=0,0,BF404/$BQ404*$BR404) -> 0 | BI404: =_xlfn.IFNA(VLOOKUP(BH404,Ptd_Mtr!$A:$B,2,FALSE),0) -> 0 | BJ404: =IF(BI404=0,0,BI404/$BQ404*$BR404) -> 0 | BL404: =_xlfn.IFNA(VLOOKUP(BK404,Ptd_Mtr!$A:$B,2,FALSE),0) -> 0 | BM404: =IF(BL404=0,0,BL404/$BQ404*$BR404) -> 0 | BO404: =_xlfn.IFNA(VLOOKUP(BN404,Ptd_Mtr!$A:$B,2,FALSE),0) -> 0 | BP404: =IF(BO404=0,0,BO404/$BQ404*$BR404) -> 0 | BQ404: =+M404+J404+P404+S404+V404+G404+Y404+AB404+AE404+AH404+AK404+AN404+AQ404+AT404+AW404+AZ404+BC404+BF404+BI404+BL404+BO404 -> 0 | BR404: =IF(F404<>"",C404,0) -> 0
D405: =IF(F405<>"",B405-BQ405,0) -> 0 | E405: =IF(F405<>"",C405-H405-K405-N405-Q405-T405-W405-Z405-AC405-AF405-AI405-AL405-AO405-AR405-AU405-AX405-BA405-BD405-BG405-BJ405-BM405-BP405,0) -> 0 | G405: =_xlfn.IFNA(VLOOKUP(F405,Ptd_Mtr!$A:$B,2,FALSE),0) -> 0 | H405: =IF(G405=0,0,G405/$BQ405*$BR405) -> 0 | J405: =_xlfn.IFNA(VLOOKUP(I405,Ptd_Mtr!$A:$B,2,FALSE),0) -> 0 | K405: =IF(J405=0,0,J405/$BQ405*$BR405) -> 0 | M405: =_xlfn.IFNA(VLOOKUP(L405,Ptd_Mtr!$A:$B,2,FALSE),0) -> 0 | N405: =IF(M405=0,0,M405/$BQ405*$BR405) -> 0 | P405: =_xlfn.IFNA(VLOOKUP(O405,Ptd_Mtr!$A:$B,2,FALSE),0) -> 0 | Q405: =IF(P405=0,0,P405/$BQ405*$BR405) -> 0 | S405: =_xlfn.IFNA(VLOOKUP(R405,Ptd_Mtr!$A:$B,2,FALSE),0) -> 0 | T405: =IF(S405=0,0,S405/$BQ405*$BR405) -> 0 | V405: =_xlfn.IFNA(VLOOKUP(U405,Ptd_Mtr!$A:$B,2,FALSE),0) -> 0 | W405: =IF(V405=0,0,V405/$BQ405*$BR405) -> 0 | Y405: =_xlfn.IFNA(VLOOKUP(X405,Ptd_Mtr!$A:$B,2,FALSE),0) -> 0 | Z405: =IF(Y405=0,0,Y405/$BQ405*$BR405) -> 0 | AB405: =_xlfn.IFNA(VLOOKUP(AA405,Ptd_Mtr!$A:$B,2,FALSE),0) -> 0 | AC405: =IF(AB405=0,0,AB405/$BQ405*$BR405) -> 0 | AE405: =_xlfn.IFNA(VLOOKUP(AD405,Ptd_Mtr!$A:$B,2,FALSE),0) -> 0 | AF405: =IF(AE405=0,0,AE405/$BQ405*$BR405) -> 0 | AH405: =_xlfn.IFNA(VLOOKUP(AG405,Ptd_Mtr!$A:$B,2,FALSE),0) -> 0 | AI405: =IF(AH405=0,0,AH405/$BQ405*$BR405) -> 0 | AK405: =_xlfn.IFNA(VLOOKUP(AJ405,Ptd_Mtr!$A:$B,2,FALSE),0) -> 0 | AL405: =IF(AK405=0,0,AK405/$BQ405*$BR405) -> 0 | AN405: =_xlfn.IFNA(VLOOKUP(AM405,Ptd_Mtr!$A:$B,2,FALSE),0) -> 0 | AO405: =IF(AN405=0,0,AN405/$BQ405*$BR405) -> 0 | AQ405: =_xlfn.IFNA(VLOOKUP(AP405,Ptd_Mtr!$A:$B,2,FALSE),0) -> 0 | AR405: =IF(AQ405=0,0,AQ405/$BQ405*$BR405) -> 0 | AT405: =_xlfn.IFNA(VLOOKUP(AS405,Ptd_Mtr!$A:$B,2,FALSE),0) -> 0 | AU405: =IF(AT405=0,0,AT405/$BQ405*$BR405) -> 0 | AW405: =_xlfn.IFNA(VLOOKUP(AV405,Ptd_Mtr!$A:$B,2,FALSE),0) -> 0 | AX405: =IF(AW405=0,0,AW405/$BQ405*$BR405) -> 0 | AZ405: =_xlfn.IFNA(VLOOKUP(AY405,Ptd_Mtr!$A:$B,2,FALSE),0) -> 0 | BA405: =IF(AZ405=0,0,AZ405/$BQ405*$BR405) -> 0 | BC405: =_xlfn.IFNA(VLOOKUP(BB405,Ptd_Mtr!$A:$B,2,FALSE),0) -> 0 | BD405: =IF(BC405=0,0,BC405/$BQ405*$BR405) -> 0 | BF405: =_xlfn.IFNA(VLOOKUP(BE405,Ptd_Mtr!$A:$B,2,FALSE),0) -> 0 | BG405: =IF(BF405=0,0,BF405/$BQ405*$BR405) -> 0 | BI405: =_xlfn.IFNA(VLOOKUP(BH405,Ptd_Mtr!$A:$B,2,FALSE),0) -> 0 | BJ405: =IF(BI405=0,0,BI405/$BQ405*$BR405) -> 0 | BL405: =_xlfn.IFNA(VLOOKUP(BK405,Ptd_Mtr!$A:$B,2,FALSE),0) -> 0 | BM405: =IF(BL405=0,0,BL405/$BQ405*$BR405) -> 0 | BO405: =_xlfn.IFNA(VLOOKUP(BN405,Ptd_Mtr!$A:$B,2,FALSE),0) -> 0 | BP405: =IF(BO405=0,0,BO405/$BQ405*$BR405) -> 0 | BQ405: =+M405+J405+P405+S405+V405+G405+Y405+AB405+AE405+AH405+AK405+AN405+AQ405+AT405+AW405+AZ405+BC405+BF405+BI405+BL405+BO405 -> 0 | BR405: =IF(F405<>"",C405,0) -> 0
D406: =IF(F406<>"",B406-BQ406,0) -> 0 | E406: =IF(F406<>"",C406-H406-K406-N406-Q406-T406-W406-Z406-AC406-AF406-AI406-AL406-AO406-AR406-AU406-AX406-BA406-BD406-BG406-BJ406-BM406-BP406,0) -> 0 | G406: =_xlfn.IFNA(VLOOKUP(F406,Ptd_Mtr!$A:$B,2,FALSE),0) -> 0 | H406: =IF(G406=0,0,G406/$BQ406*$BR406) -> 0 | J406: =_xlfn.IFNA(VLOOKUP(I406,Ptd_Mtr!$A:$B,2,FALSE),0) -> 0 | K406: =IF(J406=0,0,J406/$BQ406*$BR406) -> 0 | M406: =_xlfn.IFNA(VLOOKUP(L406,Ptd_Mtr!$A:$B,2,FALSE),0) -> 0 | N406: =IF(M406=0,0,M406/$BQ406*$BR406) -> 0 | P406: =_xlfn.IFNA(VLOOKUP(O406,Ptd_Mtr!$A:$B,2,FALSE),0) -> 0 | Q406: =IF(P406=0,0,P406/$BQ406*$BR406) -> 0 | S406: =_xlfn.IFNA(VLOOKUP(R406,Ptd_Mtr!$A:$B,2,FALSE),0) -> 0 | T406: =IF(S406=0,0,S406/$BQ406*$BR406) -> 0 | V406: =_xlfn.IFNA(VLOOKUP(U406,Ptd_Mtr!$A:$B,2,FALSE),0) -> 0 | W406: =IF(V406=0,0,V406/$BQ406*$BR406) -> 0 | Y406: =_xlfn.IFNA(VLOOKUP(X406,Ptd_Mtr!$A:$B,2,FALSE),0) -> 0 | Z406: =IF(Y406=0,0,Y406/$BQ406*$BR406) -> 0 | AB406: =_xlfn.IFNA(VLOOKUP(AA406,Ptd_Mtr!$A:$B,2,FALSE),0) -> 0 | AC406: =IF(AB406=0,0,AB406/$BQ406*$BR406) -> 0 | AE406: =_xlfn.IFNA(VLOOKUP(AD406,Ptd_Mtr!$A:$B,2,FALSE),0) -> 0 | AF406: =IF(AE406=0,0,AE406/$BQ406*$BR406) -> 0 | AH406: =_xlfn.IFNA(VLOOKUP(AG406,Ptd_Mtr!$A:$B,2,FALSE),0) -> 0 | AI406: =IF(AH406=0,0,AH406/$BQ406*$BR406) -> 0 | AK406: =_xlfn.IFNA(VLOOKUP(AJ406,Ptd_Mtr!$A:$B,2,FALSE),0) -> 0 | AL406: =IF(AK406=0,0,AK406/$BQ406*$BR406) -> 0 | AN406: =_xlfn.IFNA(VLOOKUP(AM406,Ptd_Mtr!$A:$B,2,FALSE),0) -> 0 | AO406: =IF(AN406=0,0,AN406/$BQ406*$BR406) -> 0 | AQ406: =_xlfn.IFNA(VLOOKUP(AP406,Ptd_Mtr!$A:$B,2,FALSE),0) -> 0 | AR406: =IF(AQ406=0,0,AQ406/$BQ406*$BR406) -> 0 | AT406: =_xlfn.IFNA(VLOOKUP(AS406,Ptd_Mtr!$A:$B,2,FALSE),0) -> 0 | AU406: =IF(AT406=0,0,AT406/$BQ406*$BR406) -> 0 | AW406: =_xlfn.IFNA(VLOOKUP(AV406,Ptd_Mtr!$A:$B,2,FALSE),0) -> 0 | AX406: =IF(AW406=0,0,AW406/$BQ406*$BR406) -> 0 | AZ406: =_xlfn.IFNA(VLOOKUP(AY406,Ptd_Mtr!$A:$B,2,FALSE),0) -> 0 | BA406: =IF(AZ406=0,0,AZ406/$BQ406*$BR406) -> 0 | BC406: =_xlfn.IFNA(VLOOKUP(BB406,Ptd_Mtr!$A:$B,2,FALSE),0) -> 0 | BD406: =IF(BC406=0,0,BC406/$BQ406*$BR406) -> 0 | BF406: =_xlfn.IFNA(VLOOKUP(BE406,Ptd_Mtr!$A:$B,2,FALSE),0) -> 0 | BG406: =IF(BF406=0,0,BF406/$BQ406*$BR406) -> 0 | BI406: =_xlfn.IFNA(VLOOKUP(BH406,Ptd_Mtr!$A:$B,2,FALSE),0) -> 0 | BJ406: =IF(BI406=0,0,BI406/$BQ406*$BR406) -> 0 | BL406: =_xlfn.IFNA(VLOOKUP(BK406,Ptd_Mtr!$A:$B,2,FALSE),0) -> 0 | BM406: =IF(BL406=0,0,BL406/$BQ406*$BR406) -> 0 | BO406: =_xlfn.IFNA(VLOOKUP(BN406,Ptd_Mtr!$A:$B,2,FALSE),0) -> 0 | BP406: =IF(BO406=0,0,BO406/$BQ406*$BR406) -> 0 | BQ406: =+M406+J406+P406+S406+V406+G406+Y406+AB406+AE406+AH406+AK406+AN406+AQ406+AT406+AW406+AZ406+BC406+BF406+BI406+BL406+BO406 -> 0 | BR406: =IF(F406<>"",C406,0) -> 0
D407: =IF(F407<>"",B407-BQ407,0) -> 0 | E407: =IF(F407<>"",C407-H407-K407-N407-Q407-T407-W407-Z407-AC407-AF407-AI407-AL407-AO407-AR407-AU407-AX407-BA407-BD407-BG407-BJ407-BM407-BP407,0) -> 0 | G407: =_xlfn.IFNA(VLOOKUP(F407,Ptd_Mtr!$A:$B,2,FALSE),0) -> 0 | H407: =IF(G407=0,0,G407/$BQ407*$BR407) -> 0 | J407: =_xlfn.IFNA(VLOOKUP(I407,Ptd_Mtr!$A:$B,2,FALSE),0) -> 0 | K407: =IF(J407=0,0,J407/$BQ407*$BR407) -> 0 | M407: =_xlfn.IFNA(VLOOKUP(L407,Ptd_Mtr!$A:$B,2,FALSE),0) -> 0 | N407: =IF(M407=0,0,M407/$BQ407*$BR407) -> 0 | P407: =_xlfn.IFNA(VLOOKUP(O407,Ptd_Mtr!$A:$B,2,FALSE),0) -> 0 | Q407: =IF(P407=0,0,P407/$BQ407*$BR407) -> 0 | S407: =_xlfn.IFNA(VLOOKUP(R407,Ptd_Mtr!$A:$B,2,FALSE),0) -> 0 | T407: =IF(S407=0,0,S407/$BQ407*$BR407) -> 0 | V407: =_xlfn.IFNA(VLOOKUP(U407,Ptd_Mtr!$A:$B,2,FALSE),0) -> 0 | W407: =IF(V407=0,0,V407/$BQ407*$BR407) -> 0 | Y407: =_xlfn.IFNA(VLOOKUP(X407,Ptd_Mtr!$A:$B,2,FALSE),0) -> 0 | Z407: =IF(Y407=0,0,Y407/$BQ407*$BR407) -> 0 | AB407: =_xlfn.IFNA(VLOOKUP(AA407,Ptd_Mtr!$A:$B,2,FALSE),0) -> 0 | AC407: =IF(AB407=0,0,AB407/$BQ407*$BR407) -> 0 | AE407: =_xlfn.IFNA(VLOOKUP(AD407,Ptd_Mtr!$A:$B,2,FALSE),0) -> 0 | AF407: =IF(AE407=0,0,AE407/$BQ407*$BR407) -> 0 | AH407: =_xlfn.IFNA(VLOOKUP(AG407,Ptd_Mtr!$A:$B,2,FALSE),0) -> 0 | AI407: =IF(AH407=0,0,AH407/$BQ407*$BR407) -> 0 | AK407: =_xlfn.IFNA(VLOOKUP(AJ407,Ptd_Mtr!$A:$B,2,FALSE),0) -> 0 | AL407: =IF(AK407=0,0,AK407/$BQ407*$BR407) -> 0 | AN407: =_xlfn.IFNA(VLOOKUP(AM407,Ptd_Mtr!$A:$B,2,FALSE),0) -> 0 | AO407: =IF(AN407=0,0,AN407/$BQ407*$BR407) -> 0 | AQ407: =_xlfn.IFNA(VLOOKUP(AP407,Ptd_Mtr!$A:$B,2,FALSE),0) -> 0 | AR407: =IF(AQ407=0,0,AQ407/$BQ407*$BR407) -> 0 | AT407: =_xlfn.IFNA(VLOOKUP(AS407,Ptd_Mtr!$A:$B,2,FALSE),0) -> 0 | AU407: =IF(AT407=0,0,AT407/$BQ407*$BR407) -> 0 | AW407: =_xlfn.IFNA(VLOOKUP(AV407,Ptd_Mtr!$A:$B,2,FALSE),0) -> 0 | AX407: =IF(AW407=0,0,AW407/$BQ407*$BR407) -> 0 | AZ407: =_xlfn.IFNA(VLOOKUP(AY407,Ptd_Mtr!$A:$B,2,FALSE),0) -> 0 | BA407: =IF(AZ407=0,0,AZ407/$BQ407*$BR407) -> 0 | BC407: =_xlfn.IFNA(VLOOKUP(BB407,Ptd_Mtr!$A:$B,2,FALSE),0) -> 0 | BD407: =IF(BC407=0,0,BC407/$BQ407*$BR407) -> 0 | BF407: =_xlfn.IFNA(VLOOKUP(BE407,Ptd_Mtr!$A:$B,2,FALSE),0) -> 0 | BG407: =IF(BF407=0,0,BF407/$BQ407*$BR407) -> 0 | BI407: =_xlfn.IFNA(VLOOKUP(BH407,Ptd_Mtr!$A:$B,2,FALSE),0) -> 0 | BJ407: =IF(BI407=0,0,BI407/$BQ407*$BR407) -> 0 | BL407: =_xlfn.IFNA(VLOOKUP(BK407,Ptd_Mtr!$A:$B,2,FALSE),0) -> 0 | BM407: =IF(BL407=0,0,BL407/$BQ407*$BR407) -> 0 | BO407: =_xlfn.IFNA(VLOOKUP(BN407,Ptd_Mtr!$A:$B,2,FALSE),0) -> 0 | BP407: =IF(BO407=0,0,BO407/$BQ407*$BR407) -> 0 | BQ407: =+M407+J407+P407+S407+V407+G407+Y407+AB407+AE407+AH407+AK407+AN407+AQ407+AT407+AW407+AZ407+BC407+BF407+BI407+BL407+BO407 -> 0 | BR407: =IF(F407<>"",C407,0) -> 0
D408: =IF(F408<>"",B408-BQ408,0) -> 0 | E408: =IF(F408<>"",C408-H408-K408-N408-Q408-T408-W408-Z408-AC408-AF408-AI408-AL408-AO408-AR408-AU408-AX408-BA408-BD408-BG408-BJ408-BM408-BP408,0) -> 0 | G408: =_xlfn.IFNA(VLOOKUP(F408,Ptd_Mtr!$A:$B,2,FALSE),0) -> 0 | H408: =IF(G408=0,0,G408/$BQ408*$BR408) -> 0 | J408: =_xlfn.IFNA(VLOOKUP(I408,Ptd_Mtr!$A:$B,2,FALSE),0) -> 0 | K408: =IF(J408=0,0,J408/$BQ408*$BR408) -> 0 | M408: =_xlfn.IFNA(VLOOKUP(L408,Ptd_Mtr!$A:$B,2,FALSE),0) -> 0 | N408: =IF(M408=0,0,M408/$BQ408*$BR408) -> 0 | P408: =_xlfn.IFNA(VLOOKUP(O408,Ptd_Mtr!$A:$B,2,FALSE),0) -> 0 | Q408: =IF(P408=0,0,P408/$BQ408*$BR408) -> 0 | S408: =_xlfn.IFNA(VLOOKUP(R408,Ptd_Mtr!$A:$B,2,FALSE),0) -> 0 | T408: =IF(S408=0,0,S408/$BQ408*$BR408) -> 0 | V408: =_xlfn.IFNA(VLOOKUP(U408,Ptd_Mtr!$A:$B,2,FALSE),0) -> 0 | W408: =IF(V408=0,0,V408/$BQ408*$BR408) -> 0 | Y408: =_xlfn.IFNA(VLOOKUP(X408,Ptd_Mtr!$A:$B,2,FALSE),0) -> 0 | Z408: =IF(Y408=0,0,Y408/$BQ408*$BR408) -> 0 | AB408: =_xlfn.IFNA(VLOOKUP(AA408,Ptd_Mtr!$A:$B,2,FALSE),0) -> 0 | AC408: =IF(AB408=0,0,AB408/$BQ408*$BR408) -> 0 | AE408: =_xlfn.IFNA(VLOOKUP(AD408,Ptd_Mtr!$A:$B,2,FALSE),0) -> 0 | AF408: =IF(AE408=0,0,AE408/$BQ408*$BR408) -> 0 | AH408: =_xlfn.IFNA(VLOOKUP(AG408,Ptd_Mtr!$A:$B,2,FALSE),0) -> 0 | AI408: =IF(AH408=0,0,AH408/$BQ408*$BR408) -> 0 | AK408: =_xlfn.IFNA(VLOOKUP(AJ408,Ptd_Mtr!$A:$B,2,FALSE),0) -> 0 | AL408: =IF(AK408=0,0,AK408/$BQ408*$BR408) -> 0 | AN408: =_xlfn.IFNA(VLOOKUP(AM408,Ptd_Mtr!$A:$B,2,FALSE),0) -> 0 | AO408: =IF(AN408=0,0,AN408/$BQ408*$BR408) -> 0 | AQ408: =_xlfn.IFNA(VLOOKUP(AP408,Ptd_Mtr!$A:$B,2,FALSE),0) -> 0 | AR408: =IF(AQ408=0,0,AQ408/$BQ408*$BR408) -> 0 | AT408: =_xlfn.IFNA(VLOOKUP(AS408,Ptd_Mtr!$A:$B,2,FALSE),0) -> 0 | AU408: =IF(AT408=0,0,AT408/$BQ408*$BR408) -> 0 | AW408: =_xlfn.IFNA(VLOOKUP(AV408,Ptd_Mtr!$A:$B,2,FALSE),0) -> 0 | AX408: =IF(AW408=0,0,AW408/$BQ408*$BR408) -> 0 | AZ408: =_xlfn.IFNA(VLOOKUP(AY408,Ptd_Mtr!$A:$B,2,FALSE),0) -> 0 | BA408: =IF(AZ408=0,0,AZ408/$BQ408*$BR408) -> 0 | BC408: =_xlfn.IFNA(VLOOKUP(BB408,Ptd_Mtr!$A:$B,2,FALSE),0) -> 0 | BD408: =IF(BC408=0,0,BC408/$BQ408*$BR408) -> 0 | BF408: =_xlfn.IFNA(VLOOKUP(BE408,Ptd_Mtr!$A:$B,2,FALSE),0) -> 0 | BG408: =IF(BF408=0,0,BF408/$BQ408*$BR408) -> 0 | BI408: =_xlfn.IFNA(VLOOKUP(BH408,Ptd_Mtr!$A:$B,2,FALSE),0) -> 0 | BJ408: =IF(BI408=0,0,BI408/$BQ408*$BR408) -> 0 | BL408: =_xlfn.IFNA(VLOOKUP(BK408,Ptd_Mtr!$A:$B,2,FALSE),0) -> 0 | BM408: =IF(BL408=0,0,BL408/$BQ408*$BR408) -> 0 | BO408: =_xlfn.IFNA(VLOOKUP(BN408,Ptd_Mtr!$A:$B,2,FALSE),0) -> 0 | BP408: =IF(BO408=0,0,BO408/$BQ408*$BR408) -> 0 | BQ408: =+M408+J408+P408+S408+V408+G408+Y408+AB408+AE408+AH408+AK408+AN408+AQ408+AT408+AW408+AZ408+BC408+BF408+BI408+BL408+BO408 -> 0 | BR408: =IF(F408<>"",C408,0) -> 0
D409: =IF(F409<>"",B409-BQ409,0) -> 0 | E409: =IF(F409<>"",C409-H409-K409-N409-Q409-T409-W409-Z409-AC409-AF409-AI409-AL409-AO409-AR409-AU409-AX409-BA409-BD409-BG409-BJ409-BM409-BP409,0) -> 0 | G409: =_xlfn.IFNA(VLOOKUP(F409,Ptd_Mtr!$A:$B,2,FALSE),0) -> 0 | H409: =IF(G409=0,0,G409/$BQ409*$BR409) -> 0 | J409: =_xlfn.IFNA(VLOOKUP(I409,Ptd_Mtr!$A:$B,2,FALSE),0) -> 0 | K409: =IF(J409=0,0,J409/$BQ409*$BR409) -> 0 | M409: =_xlfn.IFNA(VLOOKUP(L409,Ptd_Mtr!$A:$B,2,FALSE),0) -> 0 | N409: =IF(M409=0,0,M409/$BQ409*$BR409) -> 0 | P409: =_xlfn.IFNA(VLOOKUP(O409,Ptd_Mtr!$A:$B,2,FALSE),0) -> 0 | Q409: =IF(P409=0,0,P409/$BQ409*$BR409) -> 0 | S409: =_xlfn.IFNA(VLOOKUP(R409,Ptd_Mtr!$A:$B,2,FALSE),0) -> 0 | T409: =IF(S409=0,0,S409/$BQ409*$BR409) -> 0 | V409: =_xlfn.IFNA(VLOOKUP(U409,Ptd_Mtr!$A:$B,2,FALSE),0) -> 0 | W409: =IF(V409=0,0,V409/$BQ409*$BR409) -> 0 | Y409: =_xlfn.IFNA(VLOOKUP(X409,Ptd_Mtr!$A:$B,2,FALSE),0) -> 0 | Z409: =IF(Y409=0,0,Y409/$BQ409*$BR409) -> 0 | AB409: =_xlfn.IFNA(VLOOKUP(AA409,Ptd_Mtr!$A:$B,2,FALSE),0) -> 0 | AC409: =IF(AB409=0,0,AB409/$BQ409*$BR409) -> 0 | AE409: =_xlfn.IFNA(VLOOKUP(AD409,Ptd_Mtr!$A:$B,2,FALSE),0) -> 0 | AF409: =IF(AE409=0,0,AE409/$BQ409*$BR409) -> 0 | AH409: =_xlfn.IFNA(VLOOKUP(AG409,Ptd_Mtr!$A:$B,2,FALSE),0) -> 0 | AI409: =IF(AH409=0,0,AH409/$BQ409*$BR409) -> 0 | AK409: =_xlfn.IFNA(VLOOKUP(AJ409,Ptd_Mtr!$A:$B,2,FALSE),0) -> 0 | AL409: =IF(AK409=0,0,AK409/$BQ409*$BR409) -> 0 | AN409: =_xlfn.IFNA(VLOOKUP(AM409,Ptd_Mtr!$A:$B,2,FALSE),0) -> 0 | AO409: =IF(AN409=0,0,AN409/$BQ409*$BR409) -> 0 | AQ409: =_xlfn.IFNA(VLOOKUP(AP409,Ptd_Mtr!$A:$B,2,FALSE),0) -> 0 | AR409: =IF(AQ409=0,0,AQ409/$BQ409*$BR409) -> 0 | AT409: =_xlfn.IFNA(VLOOKUP(AS409,Ptd_Mtr!$A:$B,2,FALSE),0) -> 0 | AU409: =IF(AT409=0,0,AT409/$BQ409*$BR409) -> 0 | AW409: =_xlfn.IFNA(VLOOKUP(AV409,Ptd_Mtr!$A:$B,2,FALSE),0) -> 0 | AX409: =IF(AW409=0,0,AW409/$BQ409*$BR409) -> 0 | AZ409: =_xlfn.IFNA(VLOOKUP(AY409,Ptd_Mtr!$A:$B,2,FALSE),0) -> 0 | BA409: =IF(AZ409=0,0,AZ409/$BQ409*$BR409) -> 0 | BC409: =_xlfn.IFNA(VLOOKUP(BB409,Ptd_Mtr!$A:$B,2,FALSE),0) -> 0 | BD409: =IF(BC409=0,0,BC409/$BQ409*$BR409) -> 0 | BF409: =_xlfn.IFNA(VLOOKUP(BE409,Ptd_Mtr!$A:$B,2,FALSE),0) -> 0 | BG409: =IF(BF409=0,0,BF409/$BQ409*$BR409) -> 0 | BI409: =_xlfn.IFNA(VLOOKUP(BH409,Ptd_Mtr!$A:$B,2,FALSE),0) -> 0 | BJ409: =IF(BI409=0,0,BI409/$BQ409*$BR409) -> 0 | BL409: =_xlfn.IFNA(VLOOKUP(BK409,Ptd_Mtr!$A:$B,2,FALSE),0) -> 0 | BM409: =IF(BL409=0,0,BL409/$BQ409*$BR409) -> 0 | BO409: =_xlfn.IFNA(VLOOKUP(BN409,Ptd_Mtr!$A:$B,2,FALSE),0) -> 0 | BP409: =IF(BO409=0,0,BO409/$BQ409*$BR409) -> 0 | BQ409: =+M409+J409+P409+S409+V409+G409+Y409+AB409+AE409+AH409+AK409+AN409+AQ409+AT409+AW409+AZ409+BC409+BF409+BI409+BL409+BO409 -> 0 | BR409: =IF(F409<>"",C409,0) -> 0
D410: =IF(F410<>"",B410-BQ410,0) -> 0 | E410: =IF(F410<>"",C410-H410-K410-N410-Q410-T410-W410-Z410-AC410-AF410-AI410-AL410-AO410-AR410-AU410-AX410-BA410-BD410-BG410-BJ410-BM410-BP410,0) -> 0 | G410: =_xlfn.IFNA(VLOOKUP(F410,Ptd_Mtr!$A:$B,2,FALSE),0) -> 0 | H410: =IF(G410=0,0,G410/$BQ410*$BR410) -> 0 | J410: =_xlfn.IFNA(VLOOKUP(I410,Ptd_Mtr!$A:$B,2,FALSE),0) -> 0 | K410: =IF(J410=0,0,J410/$BQ410*$BR410) -> 0 | M410: =_xlfn.IFNA(VLOOKUP(L410,Ptd_Mtr!$A:$B,2,FALSE),0) -> 0 | N410: =IF(M410=0,0,M410/$BQ410*$BR410) -> 0 | P410: =_xlfn.IFNA(VLOOKUP(O410,Ptd_Mtr!$A:$B,2,FALSE),0) -> 0 | Q410: =IF(P410=0,0,P410/$BQ410*$BR410) -> 0 | S410: =_xlfn.IFNA(VLOOKUP(R410,Ptd_Mtr!$A:$B,2,FALSE),0) -> 0 | T410: =IF(S410=0,0,S410/$BQ410*$BR410) -> 0 | V410: =_xlfn.IFNA(VLOOKUP(U410,Ptd_Mtr!$A:$B,2,FALSE),0) -> 0 | W410: =IF(V410=0,0,V410/$BQ410*$BR410) -> 0 | Y410: =_xlfn.IFNA(VLOOKUP(X410,Ptd_Mtr!$A:$B,2,FALSE),0) -> 0 | Z410: =IF(Y410=0,0,Y410/$BQ410*$BR410) -> 0 | AB410: =_xlfn.IFNA(VLOOKUP(AA410,Ptd_Mtr!$A:$B,2,FALSE),0) -> 0 | AC410: =IF(AB410=0,0,AB410/$BQ410*$BR410) -> 0 | AE410: =_xlfn.IFNA(VLOOKUP(AD410,Ptd_Mtr!$A:$B,2,FALSE),0) -> 0 | AF410: =IF(AE410=0,0,AE410/$BQ410*$BR410) -> 0 | AH410: =_xlfn.IFNA(VLOOKUP(AG410,Ptd_Mtr!$A:$B,2,FALSE),0) -> 0 | AI410: =IF(AH410=0,0,AH410/$BQ410*$BR410) -> 0 | AK410: =_xlfn.IFNA(VLOOKUP(AJ410,Ptd_Mtr!$A:$B,2,FALSE),0) -> 0 | AL410: =IF(AK410=0,0,AK410/$BQ410*$BR410) -> 0 | AN410: =_xlfn.IFNA(VLOOKUP(AM410,Ptd_Mtr!$A:$B,2,FALSE),0) -> 0 | AO410: =IF(AN410=0,0,AN410/$BQ410*$BR410) -> 0 | AQ410: =_xlfn.IFNA(VLOOKUP(AP410,Ptd_Mtr!$A:$B,2,FALSE),0) -> 0 | AR410: =IF(AQ410=0,0,AQ410/$BQ410*$BR410) -> 0 | AT410: =_xlfn.IFNA(VLOOKUP(AS410,Ptd_Mtr!$A:$B,2,FALSE),0) -> 0 | AU410: =IF(AT410=0,0,AT410/$BQ410*$BR410) -> 0 | AW410: =_xlfn.IFNA(VLOOKUP(AV410,Ptd_Mtr!$A:$B,2,FALSE),0) -> 0 | AX410: =IF(AW410=0,0,AW410/$BQ410*$BR410) -> 0 | AZ410: =_xlfn.IFNA(VLOOKUP(AY410,Ptd_Mtr!$A:$B,2,FALSE),0) -> 0 | BA410: =IF(AZ410=0,0,AZ410/$BQ410*$BR410) -> 0 | BC410: =_xlfn.IFNA(VLOOKUP(BB410,Ptd_Mtr!$A:$B,2,FALSE),0) -> 0 | BD410: =IF(BC410=0,0,BC410/$BQ410*$BR410) -> 0 | BF410: =_xlfn.IFNA(VLOOKUP(BE410,Ptd_Mtr!$A:$B,2,FALSE),0) -> 0 | BG410: =IF(BF410=0,0,BF410/$BQ410*$BR410) -> 0 | BI410: =_xlfn.IFNA(VLOOKUP(BH410,Ptd_Mtr!$A:$B,2,FALSE),0) -> 0 | BJ410: =IF(BI410=0,0,BI410/$BQ410*$BR410) -> 0 | BL410: =_xlfn.IFNA(VLOOKUP(BK410,Ptd_Mtr!$A:$B,2,FALSE),0) -> 0 | BM410: =IF(BL410=0,0,BL410/$BQ410*$BR410) -> 0 | BO410: =_xlfn.IFNA(VLOOKUP(BN410,Ptd_Mtr!$A:$B,2,FALSE),0) -> 0 | BP410: =IF(BO410=0,0,BO410/$BQ410*$BR410) -> 0 | BQ410: =+M410+J410+P410+S410+V410+G410+Y410+AB410+AE410+AH410+AK410+AN410+AQ410+AT410+AW410+AZ410+BC410+BF410+BI410+BL410+BO410 -> 0 | BR410: =IF(F410<>"",C410,0) -> 0
D411: =IF(F411<>"",B411-BQ411,0) -> 0 | E411: =IF(F411<>"",C411-H411-K411-N411-Q411-T411-W411-Z411-AC411-AF411-AI411-AL411-AO411-AR411-AU411-AX411-BA411-BD411-BG411-BJ411-BM411-BP411,0) -> 0 | G411: =_xlfn.IFNA(VLOOKUP(F411,Ptd_Mtr!$A:$B,2,FALSE),0) -> 0 | H411: =IF(G411=0,0,G411/$BQ411*$BR411) -> 0 | J411: =_xlfn.IFNA(VLOOKUP(I411,Ptd_Mtr!$A:$B,2,FALSE),0) -> 0 | K411: =IF(J411=0,0,J411/$BQ411*$BR411) -> 0 | M411: =_xlfn.IFNA(VLOOKUP(L411,Ptd_Mtr!$A:$B,2,FALSE),0) -> 0 | N411: =IF(M411=0,0,M411/$BQ411*$BR411) -> 0 | P411: =_xlfn.IFNA(VLOOKUP(O411,Ptd_Mtr!$A:$B,2,FALSE),0) -> 0 | Q411: =IF(P411=0,0,P411/$BQ411*$BR411) -> 0 | S411: =_xlfn.IFNA(VLOOKUP(R411,Ptd_Mtr!$A:$B,2,FALSE),0) -> 0 | T411: =IF(S411=0,0,S411/$BQ411*$BR411) -> 0 | V411: =_xlfn.IFNA(VLOOKUP(U411,Ptd_Mtr!$A:$B,2,FALSE),0) -> 0 | W411: =IF(V411=0,0,V411/$BQ411*$BR411) -> 0 | Y411: =_xlfn.IFNA(VLOOKUP(X411,Ptd_Mtr!$A:$B,2,FALSE),0) -> 0 | Z411: =IF(Y411=0,0,Y411/$BQ411*$BR411) -> 0 | AB411: =_xlfn.IFNA(VLOOKUP(AA411,Ptd_Mtr!$A:$B,2,FALSE),0) -> 0 | AC411: =IF(AB411=0,0,AB411/$BQ411*$BR411) -> 0 | AE411: =_xlfn.IFNA(VLOOKUP(AD411,Ptd_Mtr!$A:$B,2,FALSE),0) -> 0 | AF411: =IF(AE411=0,0,AE411/$BQ411*$BR411) -> 0 | AH411: =_xlfn.IFNA(VLOOKUP(AG411,Ptd_Mtr!$A:$B,2,FALSE),0) -> 0 | AI411: =IF(AH411=0,0,AH411/$BQ411*$BR411) -> 0 | AK411: =_xlfn.IFNA(VLOOKUP(AJ411,Ptd_Mtr!$A:$B,2,FALSE),0) -> 0 | AL411: =IF(AK411=0,0,AK411/$BQ411*$BR411) -> 0 | AN411: =_xlfn.IFNA(VLOOKUP(AM411,Ptd_Mtr!$A:$B,2,FALSE),0) -> 0 | AO411: =IF(AN411=0,0,AN411/$BQ411*$BR411) -> 0 | AQ411: =_xlfn.IFNA(VLOOKUP(AP411,Ptd_Mtr!$A:$B,2,FALSE),0) -> 0 | AR411: =IF(AQ411=0,0,AQ411/$BQ411*$BR411) -> 0 | AT411: =_xlfn.IFNA(VLOOKUP(AS411,Ptd_Mtr!$A:$B,2,FALSE),0) -> 0 | AU411: =IF(AT411=0,0,AT411/$BQ411*$BR411) -> 0 | AW411: =_xlfn.IFNA(VLOOKUP(AV411,Ptd_Mtr!$A:$B,2,FALSE),0) -> 0 | AX411: =IF(AW411=0,0,AW411/$BQ411*$BR411) -> 0 | AZ411: =_xlfn.IFNA(VLOOKUP(AY411,Ptd_Mtr!$A:$B,2,FALSE),0) -> 0 | BA411: =IF(AZ411=0,0,AZ411/$BQ411*$BR411) -> 0 | BC411: =_xlfn.IFNA(VLOOKUP(BB411,Ptd_Mtr!$A:$B,2,FALSE),0) -> 0 | BD411: =IF(BC411=0,0,BC411/$BQ411*$BR411) -> 0 | BF411: =_xlfn.IFNA(VLOOKUP(BE411,Ptd_Mtr!$A:$B,2,FALSE),0) -> 0 | BG411: =IF(BF411=0,0,BF411/$BQ411*$BR411) -> 0 | BI411: =_xlfn.IFNA(VLOOKUP(BH411,Ptd_Mtr!$A:$B,2,FALSE),0) -> 0 | BJ411: =IF(BI411=0,0,BI411/$BQ411*$BR411) -> 0 | BL411: =_xlfn.IFNA(VLOOKUP(BK411,Ptd_Mtr!$A:$B,2,FALSE),0) -> 0 | BM411: =IF(BL411=0,0,BL411/$BQ411*$BR411) -> 0 | BO411: =_xlfn.IFNA(VLOOKUP(BN411,Ptd_Mtr!$A:$B,2,FALSE),0) -> 0 | BP411: =IF(BO411=0,0,BO411/$BQ411*$BR411) -> 0 | BQ411: =+M411+J411+P411+S411+V411+G411+Y411+AB411+AE411+AH411+AK411+AN411+AQ411+AT411+AW411+AZ411+BC411+BF411+BI411+BL411+BO411 -> 0 | BR411: =IF(F411<>"",C411,0) -> 0
... D438: =IF(F438<>"",B438-BQ438,0) -> 0 | E438: =IF(F438<>"",C438-H438-K438-N438-Q438-T438-W438-Z438-AC438-AF438-AI438-AL438-AO438-AR438-AU438-AX438-BA438-BD438-BG438-BJ438-BM438-BP438,0) -> 0 | G438: =_xlfn.IFNA(VLOOKUP(F438,Ptd_Mtr!$A:$B,2,FALSE),0) -> 0 | H438: =IF(G438=0,0,G438/$BQ438*$BR438) -> 0 | J438: =_xlfn.IFNA(VLOOKUP(I438,Ptd_Mtr!$A:$B,2,FALSE),0) -> 0 | K438: =IF(J438=0,0,J438/$BQ438*$BR438) -> 0 | M438: =_xlfn.IFNA(VLOOKUP(L438,Ptd_Mtr!$A:$B,2,FALSE),0) -> 0 | N438: =IF(M438=0,0,M438/$BQ438*$BR438) -> 0 | P438: =_xlfn.IFNA(VLOOKUP(O438,Ptd_Mtr!$A:$B,2,FALSE),0) -> 0 | Q438: =IF(P438=0,0,P438/$BQ438*$BR438) -> 0 | S438: =_xlfn.IFNA(VLOOKUP(R438,Ptd_Mtr!$A:$B,2,FALSE),0) -> 0 | T438: =IF(S438=0,0,S438/$BQ438*$BR438) -> 0 | V438: =_xlfn.IFNA(VLOOKUP(U438,Ptd_Mtr!$A:$B,2,FALSE),0) -> 0 | W438: =IF(V438=0,0,V438/$BQ438*$BR438) -> 0 | Y438: =_xlfn.IFNA(VLOOKUP(X438,Ptd_Mtr!$A:$B,2,FALSE),0) -> 0 | Z438: =IF(Y438=0,0,Y438/$BQ438*$BR438) -> 0 | AB438: =_xlfn.IFNA(VLOOKUP(AA438,Ptd_Mtr!$A:$B,2,FALSE),0) -> 0 | AC438: =IF(AB438=0,0,AB438/$BQ438*$BR438) -> 0 | AE438: =_xlfn.IFNA(VLOOKUP(AD438,Ptd_Mtr!$A:$B,2,FALSE),0) -> 0 | AF438: =IF(AE438=0,0,AE438/$BQ438*$BR438) -> 0 | AH438: =_xlfn.IFNA(VLOOKUP(AG438,Ptd_Mtr!$A:$B,2,FALSE),0) -> 0 | AI438: =IF(AH438=0,0,AH438/$BQ438*$BR438) -> 0 | AK438: =_xlfn.IFNA(VLOOKUP(AJ438,Ptd_Mtr!$A:$B,2,FALSE),0) -> 0 | AL438: =IF(AK438=0,0,AK438/$BQ438*$BR438) -> 0 | AN438: =_xlfn.IFNA(VLOOKUP(AM438,Ptd_Mtr!$A:$B,2,FALSE),0) -> 0 | AO438: =IF(AN438=0,0,AN438/$BQ438*$BR438) -> 0 | AQ438: =_xlfn.IFNA(VLOOKUP(AP438,Ptd_Mtr!$A:$B,2,FALSE),0) -> 0 | AR438: =IF(AQ438=0,0,AQ438/$BQ438*$BR438) -> 0 | AT438: =_xlfn.IFNA(VLOOKUP(AS438,Ptd_Mtr!$A:$B,2,FALSE),0) -> 0 | AU438: =IF(AT438=0,0,AT438/$BQ438*$BR438) -> 0 | AW438: =_xlfn.IFNA(VLOOKUP(AV438,Ptd_Mtr!$A:$B,2,FALSE),0) -> 0 | AX438: =IF(AW438=0,0,AW438/$BQ438*$BR438) -> 0 | AZ438: =_xlfn.IFNA(VLOOKUP(AY438,Ptd_Mtr!$A:$B,2,FALSE),0) -> 0 | BA438: =IF(AZ438=0,0,AZ438/$BQ438*$BR438) -> 0 | BC438: =_xlfn.IFNA(VLOOKUP(BB438,Ptd_Mtr!$A:$B,2,FALSE),0) -> 0 | BD438: =IF(BC438=0,0,BC438/$BQ438*$BR438) -> 0 | BF438: =_xlfn.IFNA(VLOOKUP(BE438,Ptd_Mtr!$A:$B,2,FALSE),0) -> 0 | BG438: =IF(BF438=0,0,BF438/$BQ438*$BR438) -> 0 | BI438: =_xlfn.IFNA(VLOOKUP(BH438,Ptd_Mtr!$A:$B,2,FALSE),0) -> 0 | BJ438: =IF(BI438=0,0,BI438/$BQ438*$BR438) -> 0 | BL438: =_xlfn.IFNA(VLOOKUP(BK438,Ptd_Mtr!$A:$B,2,FALSE),0) -> 0 | BM438: =IF(BL438=0,0,BL438/$BQ438*$BR438) -> 0 | BO438: =_xlfn.IFNA(VLOOKUP(BN438,Ptd_Mtr!$A:$B,2,FALSE),0) -> 0 | BP438: =IF(BO438=0,0,BO438/$BQ438*$BR438) -> 0 | BQ438: =+M438+J438+P438+S438+V438+G438+Y438+AB438+AE438+AH438+AK438+AN438+AQ438+AT438+AW438+AZ438+BC438+BF438+BI438+BL438+BO438 -> 0 | BR438: =IF(F438<>"",C438,0) -> 0
A442: Bifurcated Work Orders | B442: Mtrs | C442: Sum of Value
A443: B01031 | B443: =SUMIF(F:F,A443,G:G)+SUMIF(I:I,A443,J:J)+SUMIF(L:L,A443,M:M)+SUMIF(O:O,A443,P:P)+SUMIF(R:R,A443,S:S)+SUMIF(U:U,A443,V:V)+SUMIF(X:X,A443,Y:Y)++SUMIF(AA:AA,A443,AB:AB)++SUMIF(AD:AD,A443,AE:AE)++SUMIF(AG:AG,A443,AH:AH)++SUMIF(AJ:AJ,A443,AK:AK)++SUMIF(AM:AM,A443,AN:AN)+SUMIF(AP:AP,A443,AQ:AQ)+SUMIF(AS:AS,A443,AT:AT)+SUMIF(AV:AV,A443,AW:AW)+SUMIF(AY:AY,A443,AZ:AZ)+SUMIF(BB:BB,A443,BC:BC)+SUMIF(BE:BE,A443,BF:BF)+SUMIF(BH:BH,A443,BI:BI)+SUMIF(BK:BK,A443,BL:BL)+SUMIF(BN:BN,A443,BO:BO) -> 0 | C443: =SUMIF(F:F,A443,H:H)+SUMIF(I:I,A443,K:K)+SUMIF(L:L,A443,N:N)+SUMIF(O:O,A443,Q:Q)+SUMIF(R:R,A443,T:T)+SUMIF(U:U,A443,W:W)+SUMIF(X:X,A443,Z:Z)+SUMIF(AA:AA,A443,AC:AC)+SUMIF(AD:AD,A443,AF:AF)+SUMIF(AG:AG,A443,AI:AI)+SUMIF(AJ:AJ,A443,AL:AL)+SUMIF(AM:AM,A443,AO:AO)+SUMIF(AP:AP,A443,AR:AR)+SUMIF(AS:AS,A443,AU:AU)+SUMIF(AV:AV,A443,AX:ZX)+SUMIF(AY:AY,A443,BA:BA)+SUMIF(BB:BB,A443,BD:BD)+SUMIF(BE:BE,A443,BG:BG)+SUMIF(BH:BH,A443,BJ:BJ)+SUMIF(BK:BK,A443,BM:BM)+SUMIF(BN:BN,A443,BP:BP) -> 0
A444: B01067 | B444: =SUMIF(F:F,A444,G:G)+SUMIF(I:I,A444,J:J)+SUMIF(L:L,A444,M:M)+SUMIF(O:O,A444,P:P)+SUMIF(R:R,A444,S:S)+SUMIF(U:U,A444,V:V)+SUMIF(X:X,A444,Y:Y)++SUMIF(AA:AA,A444,AB:AB)++SUMIF(AD:AD,A444,AE:AE)++SUMIF(AG:AG,A444,AH:AH)++SUMIF(AJ:AJ,A444,AK:AK)++SUMIF(AM:AM,A444,AN:AN)+SUMIF(AP:AP,A444,AQ:AQ)+SUMIF(AS:AS,A444,AT:AT)+SUMIF(AV:AV,A444,AW:AW)+SUMIF(AY:AY,A444,AZ:AZ)+SUMIF(BB:BB,A444,BC:BC)+SUMIF(BE:BE,A444,BF:BF)+SUMIF(BH:BH,A444,BI:BI)+SUMIF(BK:BK,A444,BL:BL)+SUMIF(BN:BN,A444,BO:BO) -> 0 | C444: =SUMIF(F:F,A444,H:H)+SUMIF(I:I,A444,K:K)+SUMIF(L:L,A444,N:N)+SUMIF(O:O,A444,Q:Q)+SUMIF(R:R,A444,T:T)+SUMIF(U:U,A444,W:W)+SUMIF(X:X,A444,Z:Z)+SUMIF(AA:AA,A444,AC:AC)+SUMIF(AD:AD,A444,AF:AF)+SUMIF(AG:AG,A444,AI:AI)+SUMIF(AJ:AJ,A444,AL:AL)+SUMIF(AM:AM,A444,AO:AO)+SUMIF(AP:AP,A444,AR:AR)+SUMIF(AS:AS,A444,AU:AU)+SUMIF(AV:AV,A444,AX:ZX)+SUMIF(AY:AY,A444,BA:BA)+SUMIF(BB:BB,A444,BD:BD)+SUMIF(BE:BE,A444,BG:BG)+SUMIF(BH:BH,A444,BJ:BJ)+SUMIF(BK:BK,A444,BM:BM)+SUMIF(BN:BN,A444,BP:BP) -> 0
A445: B01071 | B445: =SUMIF(F:F,A445,G:G)+SUMIF(I:I,A445,J:J)+SUMIF(L:L,A445,M:M)+SUMIF(O:O,A445,P:P)+SUMIF(R:R,A445,S:S)+SUMIF(U:U,A445,V:V)+SUMIF(X:X,A445,Y:Y)++SUMIF(AA:AA,A445,AB:AB)++SUMIF(AD:AD,A445,AE:AE)++SUMIF(AG:AG,A445,AH:AH)++SUMIF(AJ:AJ,A445,AK:AK)++SUMIF(AM:AM,A445,AN:AN)+SUMIF(AP:AP,A445,AQ:AQ)+SUMIF(AS:AS,A445,AT:AT)+SUMIF(AV:AV,A445,AW:AW)+SUMIF(AY:AY,A445,AZ:AZ)+SUMIF(BB:BB,A445,BC:BC)+SUMIF(BE:BE,A445,BF:BF)+SUMIF(BH:BH,A445,BI:BI)+SUMIF(BK:BK,A445,BL:BL)+SUMIF(BN:BN,A445,BO:BO) -> 0 | C445: =SUMIF(F:F,A445,H:H)+SUMIF(I:I,A445,K:K)+SUMIF(L:L,A445,N:N)+SUMIF(O:O,A445,Q:Q)+SUMIF(R:R,A445,T:T)+SUMIF(U:U,A445,W:W)+SUMIF(X:X,A445,Z:Z)+SUMIF(AA:AA,A445,AC:AC)+SUMIF(AD:AD,A445,AF:AF)+SUMIF(AG:AG,A445,AI:AI)+SUMIF(AJ:AJ,A445,AL:AL)+SUMIF(AM:AM,A445,AO:AO)+SUMIF(AP:AP,A445,AR:AR)+SUMIF(AS:AS,A445,AU:AU)+SUMIF(AV:AV,A445,AX:ZX)+SUMIF(AY:AY,A445,BA:BA)+SUMIF(BB:BB,A445,BD:BD)+SUMIF(BE:BE,A445,BG:BG)+SUMIF(BH:BH,A445,BJ:BJ)+SUMIF(BK:BK,A445,BM:BM)+SUMIF(BN:BN,A445,BP:BP) -> 0
A446: B01074 | B446: =SUMIF(F:F,A446,G:G)+SUMIF(I:I,A446,J:J)+SUMIF(L:L,A446,M:M)+SUMIF(O:O,A446,P:P)+SUMIF(R:R,A446,S:S)+SUMIF(U:U,A446,V:V)+SUMIF(X:X,A446,Y:Y)++SUMIF(AA:AA,A446,AB:AB)++SUMIF(AD:AD,A446,AE:AE)++SUMIF(AG:AG,A446,AH:AH)++SUMIF(AJ:AJ,A446,AK:AK)++SUMIF(AM:AM,A446,AN:AN)+SUMIF(AP:AP,A446,AQ:AQ)+SUMIF(AS:AS,A446,AT:AT)+SUMIF(AV:AV,A446,AW:AW)+SUMIF(AY:AY,A446,AZ:AZ)+SUMIF(BB:BB,A446,BC:BC)+SUMIF(BE:BE,A446,BF:BF)+SUMIF(BH:BH,A446,BI:BI)+SUMIF(BK:BK,A446,BL:BL)+SUMIF(BN:BN,A446,BO:BO) -> 0 | C446: =SUMIF(F:F,A446,H:H)+SUMIF(I:I,A446,K:K)+SUMIF(L:L,A446,N:N)+SUMIF(O:O,A446,Q:Q)+SUMIF(R:R,A446,T:T)+SUMIF(U:U,A446,W:W)+SUMIF(X:X,A446,Z:Z)+SUMIF(AA:AA,A446,AC:AC)+SUMIF(AD:AD,A446,AF:AF)+SUMIF(AG:AG,A446,AI:AI)+SUMIF(AJ:AJ,A446,AL:AL)+SUMIF(AM:AM,A446,AO:AO)+SUMIF(AP:AP,A446,AR:AR)+SUMIF(AS:AS,A446,AU:AU)+SUMIF(AV:AV,A446,AX:ZX)+SUMIF(AY:AY,A446,BA:BA)+SUMIF(BB:BB,A446,BD:BD)+SUMIF(BE:BE,A446,BG:BG)+SUMIF(BH:BH,A446,BJ:BJ)+SUMIF(BK:BK,A446,BM:BM)+SUMIF(BN:BN,A446,BP:BP) -> 0
A447: C00979 | B447: =SUMIF(F:F,A447,G:G)+SUMIF(I:I,A447,J:J)+SUMIF(L:L,A447,M:M)+SUMIF(O:O,A447,P:P)+SUMIF(R:R,A447,S:S)+SUMIF(U:U,A447,V:V)+SUMIF(X:X,A447,Y:Y)++SUMIF(AA:AA,A447,AB:AB)++SUMIF(AD:AD,A447,AE:AE)++SUMIF(AG:AG,A447,AH:AH)++SUMIF(AJ:AJ,A447,AK:AK)++SUMIF(AM:AM,A447,AN:AN)+SUMIF(AP:AP,A447,AQ:AQ)+SUMIF(AS:AS,A447,AT:AT)+SUMIF(AV:AV,A447,AW:AW)+SUMIF(AY:AY,A447,AZ:AZ)+SUMIF(BB:BB,A447,BC:BC)+SUMIF(BE:BE,A447,BF:BF)+SUMIF(BH:BH,A447,BI:BI)+SUMIF(BK:BK,A447,BL:BL)+SUMIF(BN:BN,A447,BO:BO) -> 0 | C447: =SUMIF(F:F,A447,H:H)+SUMIF(I:I,A447,K:K)+SUMIF(L:L,A447,N:N)+SUMIF(O:O,A447,Q:Q)+SUMIF(R:R,A447,T:T)+SUMIF(U:U,A447,W:W)+SUMIF(X:X,A447,Z:Z)+SUMIF(AA:AA,A447,AC:AC)+SUMIF(AD:AD,A447,AF:AF)+SUMIF(AG:AG,A447,AI:AI)+SUMIF(AJ:AJ,A447,AL:AL)+SUMIF(AM:AM,A447,AO:AO)+SUMIF(AP:AP,A447,AR:AR)+SUMIF(AS:AS,A447,AU:AU)+SUMIF(AV:AV,A447,AX:ZX)+SUMIF(AY:AY,A447,BA:BA)+SUMIF(BB:BB,A447,BD:BD)+SUMIF(BE:BE,A447,BG:BG)+SUMIF(BH:BH,A447,BJ:BJ)+SUMIF(BK:BK,A447,BM:BM)+SUMIF(BN:BN,A447,BP:BP) -> 0
A448: C01403 | B448: =SUMIF(F:F,A448,G:G)+SUMIF(I:I,A448,J:J)+SUMIF(L:L,A448,M:M)+SUMIF(O:O,A448,P:P)+SUMIF(R:R,A448,S:S)+SUMIF(U:U,A448,V:V)+SUMIF(X:X,A448,Y:Y)++SUMIF(AA:AA,A448,AB:AB)++SUMIF(AD:AD,A448,AE:AE)++SUMIF(AG:AG,A448,AH:AH)++SUMIF(AJ:AJ,A448,AK:AK)++SUMIF(AM:AM,A448,AN:AN)+SUMIF(AP:AP,A448,AQ:AQ)+SUMIF(AS:AS,A448,AT:AT)+SUMIF(AV:AV,A448,AW:AW)+SUMIF(AY:AY,A448,AZ:AZ)+SUMIF(BB:BB,A448,BC:BC)+SUMIF(BE:BE,A448,BF:BF)+SUMIF(BH:BH,A448,BI:BI)+SUMIF(BK:BK,A448,BL:BL)+SUMIF(BN:BN,A448,BO:BO) -> 0 | C448: =SUMIF(F:F,A448,H:H)+SUMIF(I:I,A448,K:K)+SUMIF(L:L,A448,N:N)+SUMIF(O:O,A448,Q:Q)+SUMIF(R:R,A448,T:T)+SUMIF(U:U,A448,W:W)+SUMIF(X:X,A448,Z:Z)+SUMIF(AA:AA,A448,AC:AC)+SUMIF(AD:AD,A448,AF:AF)+SUMIF(AG:AG,A448,AI:AI)+SUMIF(AJ:AJ,A448,AL:AL)+SUMIF(AM:AM,A448,AO:AO)+SUMIF(AP:AP,A448,AR:AR)+SUMIF(AS:AS,A448,AU:AU)+SUMIF(AV:AV,A448,AX:ZX)+SUMIF(AY:AY,A448,BA:BA)+SUMIF(BB:BB,A448,BD:BD)+SUMIF(BE:BE,A448,BG:BG)+SUMIF(BH:BH,A448,BJ:BJ)+SUMIF(BK:BK,A448,BM:BM)+SUMIF(BN:BN,A448,BP:BP) -> 0
A449: C01411 | B449: =SUMIF(F:F,A449,G:G)+SUMIF(I:I,A449,J:J)+SUMIF(L:L,A449,M:M)+SUMIF(O:O,A449,P:P)+SUMIF(R:R,A449,S:S)+SUMIF(U:U,A449,V:V)+SUMIF(X:X,A449,Y:Y)++SUMIF(AA:AA,A449,AB:AB)++SUMIF(AD:AD,A449,AE:AE)++SUMIF(AG:AG,A449,AH:AH)++SUMIF(AJ:AJ,A449,AK:AK)++SUMIF(AM:AM,A449,AN:AN)+SUMIF(AP:AP,A449,AQ:AQ)+SUMIF(AS:AS,A449,AT:AT)+SUMIF(AV:AV,A449,AW:AW)+SUMIF(AY:AY,A449,AZ:AZ)+SUMIF(BB:BB,A449,BC:BC)+SUMIF(BE:BE,A449,BF:BF)+SUMIF(BH:BH,A449,BI:BI)+SUMIF(BK:BK,A449,BL:BL)+SUMIF(BN:BN,A449,BO:BO) -> 0 | C449: =SUMIF(F:F,A449,H:H)+SUMIF(I:I,A449,K:K)+SUMIF(L:L,A449,N:N)+SUMIF(O:O,A449,Q:Q)+SUMIF(R:R,A449,T:T)+SUMIF(U:U,A449,W:W)+SUMIF(X:X,A449,Z:Z)+SUMIF(AA:AA,A449,AC:AC)+SUMIF(AD:AD,A449,AF:AF)+SUMIF(AG:AG,A449,AI:AI)+SUMIF(AJ:AJ,A449,AL:AL)+SUMIF(AM:AM,A449,AO:AO)+SUMIF(AP:AP,A449,AR:AR)+SUMIF(AS:AS,A449,AU:AU)+SUMIF(AV:AV,A449,AX:ZX)+SUMIF(AY:AY,A449,BA:BA)+SUMIF(BB:BB,A449,BD:BD)+SUMIF(BE:BE,A449,BG:BG)+SUMIF(BH:BH,A449,BJ:BJ)+SUMIF(BK:BK,A449,BM:BM)+SUMIF(BN:BN,A449,BP:BP) -> 0
A450: C01443 | B450: =SUMIF(F:F,A450,G:G)+SUMIF(I:I,A450,J:J)+SUMIF(L:L,A450,M:M)+SUMIF(O:O,A450,P:P)+SUMIF(R:R,A450,S:S)+SUMIF(U:U,A450,V:V)+SUMIF(X:X,A450,Y:Y)++SUMIF(AA:AA,A450,AB:AB)++SUMIF(AD:AD,A450,AE:AE)++SUMIF(AG:AG,A450,AH:AH)++SUMIF(AJ:AJ,A450,AK:AK)++SUMIF(AM:AM,A450,AN:AN)+SUMIF(AP:AP,A450,AQ:AQ)+SUMIF(AS:AS,A450,AT:AT)+SUMIF(AV:AV,A450,AW:AW)+SUMIF(AY:AY,A450,AZ:AZ)+SUMIF(BB:BB,A450,BC:BC)+SUMIF(BE:BE,A450,BF:BF)+SUMIF(BH:BH,A450,BI:BI)+SUMIF(BK:BK,A450,BL:BL)+SUMIF(BN:BN,A450,BO:BO) -> 0 | C450: =SUMIF(F:F,A450,H:H)+SUMIF(I:I,A450,K:K)+SUMIF(L:L,A450,N:N)+SUMIF(O:O,A450,Q:Q)+SUMIF(R:R,A450,T:T)+SUMIF(U:U,A450,W:W)+SUMIF(X:X,A450,Z:Z)+SUMIF(AA:AA,A450,AC:AC)+SUMIF(AD:AD,A450,AF:AF)+SUMIF(AG:AG,A450,AI:AI)+SUMIF(AJ:AJ,A450,AL:AL)+SUMIF(AM:AM,A450,AO:AO)+SUMIF(AP:AP,A450,AR:AR)+SUMIF(AS:AS,A450,AU:AU)+SUMIF(AV:AV,A450,AX:ZX)+SUMIF(AY:AY,A450,BA:BA)+SUMIF(BB:BB,A450,BD:BD)+SUMIF(BE:BE,A450,BG:BG)+SUMIF(BH:BH,A450,BJ:BJ)+SUMIF(BK:BK,A450,BM:BM)+SUMIF(BN:BN,A450,BP:BP) -> 0
A451: C01465 | B451: =SUMIF(F:F,A451,G:G)+SUMIF(I:I,A451,J:J)+SUMIF(L:L,A451,M:M)+SUMIF(O:O,A451,P:P)+SUMIF(R:R,A451,S:S)+SUMIF(U:U,A451,V:V)+SUMIF(X:X,A451,Y:Y)++SUMIF(AA:AA,A451,AB:AB)++SUMIF(AD:AD,A451,AE:AE)++SUMIF(AG:AG,A451,AH:AH)++SUMIF(AJ:AJ,A451,AK:AK)++SUMIF(AM:AM,A451,AN:AN)+SUMIF(AP:AP,A451,AQ:AQ)+SUMIF(AS:AS,A451,AT:AT)+SUMIF(AV:AV,A451,AW:AW)+SUMIF(AY:AY,A451,AZ:AZ)+SUMIF(BB:BB,A451,BC:BC)+SUMIF(BE:BE,A451,BF:BF)+SUMIF(BH:BH,A451,BI:BI)+SUMIF(BK:BK,A451,BL:BL)+SUMIF(BN:BN,A451,BO:BO) -> 0 | C451: =SUMIF(F:F,A451,H:H)+SUMIF(I:I,A451,K:K)+SUMIF(L:L,A451,N:N)+SUMIF(O:O,A451,Q:Q)+SUMIF(R:R,A451,T:T)+SUMIF(U:U,A451,W:W)+SUMIF(X:X,A451,Z:Z)+SUMIF(AA:AA,A451,AC:AC)+SUMIF(AD:AD,A451,AF:AF)+SUMIF(AG:AG,A451,AI:AI)+SUMIF(AJ:AJ,A451,AL:AL)+SUMIF(AM:AM,A451,AO:AO)+SUMIF(AP:AP,A451,AR:AR)+SUMIF(AS:AS,A451,AU:AU)+SUMIF(AV:AV,A451,AX:ZX)+SUMIF(AY:AY,A451,BA:BA)+SUMIF(BB:BB,A451,BD:BD)+SUMIF(BE:BE,A451,BG:BG)+SUMIF(BH:BH,A451,BJ:BJ)+SUMIF(BK:BK,A451,BM:BM)+SUMIF(BN:BN,A451,BP:BP) -> 0
A452: C01472 | B452: =SUMIF(F:F,A452,G:G)+SUMIF(I:I,A452,J:J)+SUMIF(L:L,A452,M:M)+SUMIF(O:O,A452,P:P)+SUMIF(R:R,A452,S:S)+SUMIF(U:U,A452,V:V)+SUMIF(X:X,A452,Y:Y)++SUMIF(AA:AA,A452,AB:AB)++SUMIF(AD:AD,A452,AE:AE)++SUMIF(AG:AG,A452,AH:AH)++SUMIF(AJ:AJ,A452,AK:AK)++SUMIF(AM:AM,A452,AN:AN)+SUMIF(AP:AP,A452,AQ:AQ)+SUMIF(AS:AS,A452,AT:AT)+SUMIF(AV:AV,A452,AW:AW)+SUMIF(AY:AY,A452,AZ:AZ)+SUMIF(BB:BB,A452,BC:BC)+SUMIF(BE:BE,A452,BF:BF)+SUMIF(BH:BH,A452,BI:BI)+SUMIF(BK:BK,A452,BL:BL)+SUMIF(BN:BN,A452,BO:BO) -> 0 | C452: =SUMIF(F:F,A452,H:H)+SUMIF(I:I,A452,K:K)+SUMIF(L:L,A452,N:N)+SUMIF(O:O,A452,Q:Q)+SUMIF(R:R,A452,T:T)+SUMIF(U:U,A452,W:W)+SUMIF(X:X,A452,Z:Z)+SUMIF(AA:AA,A452,AC:AC)+SUMIF(AD:AD,A452,AF:AF)+SUMIF(AG:AG,A452,AI:AI)+SUMIF(AJ:AJ,A452,AL:AL)+SUMIF(AM:AM,A452,AO:AO)+SUMIF(AP:AP,A452,AR:AR)+SUMIF(AS:AS,A452,AU:AU)+SUMIF(AV:AV,A452,AX:ZX)+SUMIF(AY:AY,A452,BA:BA)+SUMIF(BB:BB,A452,BD:BD)+SUMIF(BE:BE,A452,BG:BG)+SUMIF(BH:BH,A452,BJ:BJ)+SUMIF(BK:BK,A452,BM:BM)+SUMIF(BN:BN,A452,BP:BP) -> 0
A453: C01477 | B453: =SUMIF(F:F,A453,G:G)+SUMIF(I:I,A453,J:J)+SUMIF(L:L,A453,M:M)+SUMIF(O:O,A453,P:P)+SUMIF(R:R,A453,S:S)+SUMIF(U:U,A453,V:V)+SUMIF(X:X,A453,Y:Y)++SUMIF(AA:AA,A453,AB:AB)++SUMIF(AD:AD,A453,AE:AE)++SUMIF(AG:AG,A453,AH:AH)++SUMIF(AJ:AJ,A453,AK:AK)++SUMIF(AM:AM,A453,AN:AN)+SUMIF(AP:AP,A453,AQ:AQ)+SUMIF(AS:AS,A453,AT:AT)+SUMIF(AV:AV,A453,AW:AW)+SUMIF(AY:AY,A453,AZ:AZ)+SUMIF(BB:BB,A453,BC:BC)+SUMIF(BE:BE,A453,BF:BF)+SUMIF(BH:BH,A453,BI:BI)+SUMIF(BK:BK,A453,BL:BL)+SUMIF(BN:BN,A453,BO:BO) -> 0 | C453: =SUMIF(F:F,A453,H:H)+SUMIF(I:I,A453,K:K)+SUMIF(L:L,A453,N:N)+SUMIF(O:O,A453,Q:Q)+SUMIF(R:R,A453,T:T)+SUMIF(U:U,A453,W:W)+SUMIF(X:X,A453,Z:Z)+SUMIF(AA:AA,A453,AC:AC)+SUMIF(AD:AD,A453,AF:AF)+SUMIF(AG:AG,A453,AI:AI)+SUMIF(AJ:AJ,A453,AL:AL)+SUMIF(AM:AM,A453,AO:AO)+SUMIF(AP:AP,A453,AR:AR)+SUMIF(AS:AS,A453,AU:AU)+SUMIF(AV:AV,A453,AX:ZX)+SUMIF(AY:AY,A453,BA:BA)+SUMIF(BB:BB,A453,BD:BD)+SUMIF(BE:BE,A453,BG:BG)+SUMIF(BH:BH,A453,BJ:BJ)+SUMIF(BK:BK,A453,BM:BM)+SUMIF(BN:BN,A453,BP:BP) -> 0
A454: C01494 | B454: =SUMIF(F:F,A454,G:G)+SUMIF(I:I,A454,J:J)+SUMIF(L:L,A454,M:M)+SUMIF(O:O,A454,P:P)+SUMIF(R:R,A454,S:S)+SUMIF(U:U,A454,V:V)+SUMIF(X:X,A454,Y:Y)++SUMIF(AA:AA,A454,AB:AB)++SUMIF(AD:AD,A454,AE:AE)++SUMIF(AG:AG,A454,AH:AH)++SUMIF(AJ:AJ,A454,AK:AK)++SUMIF(AM:AM,A454,AN:AN)+SUMIF(AP:AP,A454,AQ:AQ)+SUMIF(AS:AS,A454,AT:AT)+SUMIF(AV:AV,A454,AW:AW)+SUMIF(AY:AY,A454,AZ:AZ)+SUMIF(BB:BB,A454,BC:BC)+SUMIF(BE:BE,A454,BF:BF)+SUMIF(BH:BH,A454,BI:BI)+SUMIF(BK:BK,A454,BL:BL)+SUMIF(BN:BN,A454,BO:BO) -> 0 | C454: =SUMIF(F:F,A454,H:H)+SUMIF(I:I,A454,K:K)+SUMIF(L:L,A454,N:N)+SUMIF(O:O,A454,Q:Q)+SUMIF(R:R,A454,T:T)+SUMIF(U:U,A454,W:W)+SUMIF(X:X,A454,Z:Z)+SUMIF(AA:AA,A454,AC:AC)+SUMIF(AD:AD,A454,AF:AF)+SUMIF(AG:AG,A454,AI:AI)+SUMIF(AJ:AJ,A454,AL:AL)+SUMIF(AM:AM,A454,AO:AO)+SUMIF(AP:AP,A454,AR:AR)+SUMIF(AS:AS,A454,AU:AU)+SUMIF(AV:AV,A454,AX:ZX)+SUMIF(AY:AY,A454,BA:BA)+SUMIF(BB:BB,A454,BD:BD)+SUMIF(BE:BE,A454,BG:BG)+SUMIF(BH:BH,A454,BJ:BJ)+SUMIF(BK:BK,A454,BM:BM)+SUMIF(BN:BN,A454,BP:BP) -> 0
... A534: C00965 | B534: =SUMIF(F:F,A534,G:G)+SUMIF(I:I,A534,J:J)+SUMIF(L:L,A534,M:M)+SUMIF(O:O,A534,P:P)+SUMIF(R:R,A534,S:S)+SUMIF(U:U,A534,V:V)+SUMIF(X:X,A534,Y:Y)++SUMIF(AA:AA,A534,AB:AB)++SUMIF(AD:AD,A534,AE:AE)++SUMIF(AG:AG,A534,AH:AH)++SUMIF(AJ:AJ,A534,AK:AK)++SUMIF(AM:AM,A534,AN:AN)+SUMIF(AP:AP,A534,AQ:AQ)+SUMIF(AS:AS,A534,AT:AT)+SUMIF(AV:AV,A534,AW:AW)+SUMIF(AY:AY,A534,AZ:AZ)+SUMIF(BB:BB,A534,BC:BC)+SUMIF(BE:BE,A534,BF:BF)+SUMIF(BH:BH,A534,BI:BI)+SUMIF(BK:BK,A534,BL:BL)+SUMIF(BN:BN,A534,BO:BO) -> 0 | C534: =SUMIF(F:F,A534,H:H)+SUMIF(I:I,A534,K:K)+SUMIF(L:L,A534,N:N)+SUMIF(O:O,A534,Q:Q)+SUMIF(R:R,A534,T:T)+SUMIF(U:U,A534,W:W)+SUMIF(X:X,A534,Z:Z)+SUMIF(AA:AA,A534,AC:AC)+SUMIF(AD:AD,A534,AF:AF)+SUMIF(AG:AG,A534,AI:AI)+SUMIF(AJ:AJ,A534,AL:AL)+SUMIF(AM:AM,A534,AO:AO)+SUMIF(AP:AP,A534,AR:AR)+SUMIF(AS:AS,A534,AU:AU)+SUMIF(AV:AV,A534,AX:ZX)+SUMIF(AY:AY,A534,BA:BA)+SUMIF(BB:BB,A534,BD:BD)+SUMIF(BE:BE,A534,BG:BG)+SUMIF(BH:BH,A534,BJ:BJ)+SUMIF(BK:BK,A534,BM:BM)+SUMIF(BN:BN,A534,BP:BP) -> 0

Sheet Jan-2026
LC1: Check Solvent Ratio | LD1: NC Cases | LE1: PU Cases | LF1: 1.If new ink came then always check Solvent ratio | LZ1: =LL4-99842.4700000001 -> -14941.47 | MA1: =MA4-77295.32 -> 5535.49 | ME1: =4900-4313 -> 587 | MF1: =ME1-150 -> 437 | MG1: =MF1-150-63-100-30-80-20 -> -6 | MM1: =1980-240 -> 1740
DZ2: Jan-2025 rates | LD2: 1.Ethyl - 80%,Ethanol - 20% | LE2: 1.Ethyl - 30%,NPAC - 50%,NPA - 20%
DZ3: Jan-2025 rates | LD3: 2.If supplier Flint; Ethyl - 80%,IPA - 20% | LE3: 2.If supplier Toyo Liovalue ; Ethyl - 30%,NPAC - 50%,IPA - 20%
F4: =SUM(F10:F403) -> 13565850 | M4: =+'Jan-2026 rates'!J227 -> Mixed Ink | AR4: =AT4/AS4 -> 0 | AS4: =SUBTOTAL(9,AS10:AS1048576) -> 6737.5519 | AT4: =SUBTOTAL(9,AT10:AT1048576) -> 0 | BW4: 850 | CD4: =SUBTOTAL(9,CD10:CD1048576) -> 17659.323 | CE4: =SUBTOTAL(9,CE10:CE1048576) -> 0 | DO4: =SUBTOTAL(9,DO10:DO1048576) -> 15767.594 | DP4: =SUBTOTAL(9,DP10:DP1048576) -> 0 | EZ4: =SUBTOTAL(9,EZ10:EZ1048576) -> 12436.965 | FA4: =SUBTOTAL(9,FA10:FA1048576) -> 0 | GK4: =SUBTOTAL(9,GK10:GK1048576) -> 8635.5167 | GL4: =SUBTOTAL(9,GL10:GL1048576) -> 0 | HV4: =SUBTOTAL(9,HV10:HV1048576) -> 13346.333 | HW4: =SUBTOTAL(9,HW10:HW1048576) -> 0 | JG4: =SUBTOTAL(9,JG10:JG1048576) -> 38907.315 | JH4: =SUBTOTAL(9,JH10:JH1048576) -> 0 | KR4: =SUBTOTAL(9,KR10:KR1048576) -> 47889.411 | KS4: =SUBTOTAL(9,KS10:KS1048576) -> 0 | KW4: =SUBTOTAL(9,KW10:KW1048576) -> 2499 | LI4: =SUBTOTAL(9,LI10:LI1048576) -> 0 | LJ4: =+LK4-LL4 -> -78 | LK4: =SUBTOTAL(9,LK10:LK1048576) -> 84823 | LL4: =SUBTOTAL(9,LL10:LL1048576) -> 84901 | LM4: =SUBTOTAL(9,LM10:LM1048576) -> 53545.8 | LO4: =SUBTOTAL(9,LO10:LO1048576) -> 11230.2 | LQ4: =SUBTOTAL(9,LQ10:LQ1048576) -> 0 | LS4: =SUBTOTAL(9,LS10:LS1048576) -> 14375 | LU4: =SUBTOTAL(9,LU10:LU1048576) -> 5750 | LW4: =+LL4-LU1 -> 84901 | LY4: =SUBTOTAL(9,LY10:LY1048576) -> 0 | MA4: =SUBTOTAL(9,MA10:MA1048576) -> 82830.81 | MB4: =SUBTOTAL(9,MB10:MB1048576) -> 161380.01 | MC4: Check logsheet order,for any logsheet missing
J5: Colour 1 | K5: Station Number -1 | AS5: Total Station 1 | AU5: Colour 2 | AV5: Station Number -2 | CD5: Total Station 2 | CF5: Colour 3 | CG5: Station Number -3 | DO5: Total Station 3 | DQ5: Colour 4 | DR5: Station Number -4 | EZ5: Total Station 4 | FB5: Colour 5 | FC5: Station Number -5 | GK5: Total Station 5 | GM5: Colour 6 | GN5: Station Number -6 | HV5: Total Station 6 | HX5: Colour 7 | HY5: Station Number -7 | JG5: Total Station 7 | JI5: Colour 8 | JJ5: Station Number -8 | KR5: Total Station 8 | KT5: Solvent Details | LM5: SOLVENT VALUATION DETAILS | LY5: Total Value | LZ5: Rate per KG | MA5: Fresh ink issued & mixed (excl. returns) | MB5: Mix ink consumed | MC5: Logsheet #
C6: Work Order Details | K6: Dilute Ink Details | R6: Fresh Ink Details | AP6: Supplier | AQ6: Return Ink 1 Details | AV6: Dilute Ink 2 Details | BC6: Fresh Ink Details | CA6: Supplier | CB6: Return Ink 2 Details | CG6: Dilute Ink 3 Details | CN6: Fresh Ink Details | DL6: Supplier | DM6: Return Ink 3 Details | DR6: Dilute Ink 4 Details | DY6: Fresh Ink Details | EW6: Supplier | EX6: Return Ink 4 Details | FC6: Dilute Ink Details | FJ6: Fresh Ink Details | GH6: Supplier | GI6: Return Ink 5 Details | GN6: Dilute Ink Details | GU6: Fresh Ink Details | HS6: Supplier | HT6: Return Ink 6 Details | HY6: Dilute Ink 7 Details | IF6: Fresh Ink Details | JD6: Supplier | JE6: Return Ink 7 Details | JJ6: Dilute Ink 8 Details | JQ6: Fresh Ink Details | KO6: Supplier | KP6: Return Ink 8 Details | KT6: Solvent - Station-wise Qty (Kgs) | LB6: Percentage | LG6: NET CONSUMPTION
R7: Ink Name & Code | Z7: Ink Qty in Kg | BC7: Ink Name & Code | BK7: Ink Qty in Kg | CN7: Ink Name & Code | CV7: Ink Qty in Kg | DY7: Ink Name & Code | EG7: Ink Qty in Kg | FJ7: Ink Name & Code | FR7: Ink Qty in Kg | GU7: Ink Name & Code | HC7: Ink Qty in Kg | IF7: Ink Name & Code | IN7: Ink Qty in Kg | JQ7: Ink Name & Code | JY7: Ink Qty in Kg
A8: Date | B8: Shift | C8: W.O # | D8: Job Name | E8: Job Qty | F8: Mtr | G8: M/c | H8: NCE | I8: Ink GSM | K8: Last Wo#+Colour (A) | L8: Mix Ink Colour | M8: Issued Qty -kg (A) | N8: Rate | O8: Last Wo#+Colour (B) | P8: Issued Qty -kg (B) | Q8: Rate | R8: Ink-1 Code | S8: Ink-2 Code | T8: Ink-3 Code | U8: Ink-4 Code | V8: Ink-5 Code | W8: Ink-6 Code | X8: Ink-7 Code | Y8: Ink-8 Code | Z8: Ink-1 Qty | AA8: Rate | AB8: Ink-2 Qty | AC8: Rate | AD8: Ink-3 Qty | AE8: Rate | AF8: Ink-4 Qty | AG8: Rate | AH8: Ink-5 Qty | AI8: Rate | AJ8: Ink-6 Qty | AK8: Rate | AL8: Ink-7 Qty | AM8: Rate | AN8: Ink-8 Qty | AO8: Rate | AQ8: Return Qty | AR8: Rate | AS8: Qty Consumed | AT8: Amount | AV8: Last Wo#+Colour (A) | AW8: Mix Ink Colour | AX8: Issued Qty -kg (A) | AY8: Rate | AZ8: Last Wo#+Colour (B) | BA8: Issued Qty -kg (B) | BB8: Rate | BC8: Ink-1 Code | BD8: Ink-2 Code | BE8: Ink-3 Code | BF8: Ink-4 Code | BG8: Ink-5 Code | BH8: Ink-6 Code | BI8: Ink-7 Code | BJ8: Ink-8 Code | BK8: Ink-1 Qty | BL8: Rate | BM8: Ink-2 Qty | BN8: Rate | BO8: Ink-3 Qty | BP8: Rate | BQ8: Ink-4 Qty | BR8: Rate | BS8: Ink-5 Qty | BT8: Rate | BU8: Ink-6 Qty | BV8: Rate | BW8: Ink-7 Qty | BX8: Rate | BY8: Ink-8 Qty | BZ8: Rate | CB8: Return Qty | CC8: Rate | CD8: Qty Consumed | CE8: Amount | CG8: Last Wo#+Colour (A) | CH8: Mix Ink Colour | CI8: Issued Qty -kg (A) | CJ8: Rate | CK8: Last Wo#+Colour (B) | CL8: Issued Qty -kg (B) | CM8: Rate | CN8: Ink-1 Code | CO8: Ink-2 Code | CP8: Ink-3 Code | CQ8: Ink-4 Code | CR8: Ink-5 Code | CS8: Ink-6 Code | CT8: Ink-7 Code | CU8: Ink-8 Code | CV8: Ink-1 Qty | CW8: Rate | CX8: Ink-2 Qty | CY8: Rate | CZ8: Ink-3 Qty | DA8: Rate | DB8: Ink-4 Qty | DC8: Rate | DD8: Ink-5 Qty | DE8: Rate | DF8: Ink-6 Qty | DG8: Rate | DH8: Ink-7 Qty | DI8: Rate | DJ8: Ink-8 Qty | DK8: Rate | DM8: Return Qty | DN8: Rate | DO8: Qty Consumed | DP8: Amount | DR8: Last Wo#+Colour (A) | DS8: Mix Ink Colour | DT8: Issued Qty -kg (A) | DU8: Rate | DV8: Last Wo#+Colour (B) | DW8: Issued Qty -kg (B) | DX8: Rate | DY8: Ink-1 Code | DZ8: Ink-2 Code | EA8: Ink-3 Code | EB8: Ink-4 Code | EC8: Ink-5 Code | ED8: Ink-6 Code | EE8: Ink-7 Code | EF8: Ink-8 Code | EG8: Ink-1 Qty | EH8: Rate | EI8: Ink-2 Qty | EJ8: Rate | EK8: Ink-3 Qty | EL8: Rate | EM8: Ink-4 Qty | EN8: Rate | EO8: Ink-5 Qty | EP8: Rate | EQ8: Ink-6 Qty | ER8: Rate | ES8: Ink-7 Qty | ET8: Rate | EU8: Ink-8 Qty | EV8: Rate | EX8: Return Qty | EY8: Rate | EZ8: Qty Consumed | FA8: Amount | FC8: Last Wo#+Colour (A) | FD8: Mix Ink Colour | FE8: Issued Qty -kg (A) | FF8: Rate | FG8: Last Wo#+Colour (B) | FH8: Issued Qty -kg (B) | FI8: Rate | FJ8: Ink-1 Code | FK8: Ink-2 Code | FL8: Ink-3 Code | FM8: Ink-4 Code | FN8: Ink-5 Code | FO8: Ink-6 Code | FP8: Ink-7 Code | FQ8: Ink-8 Code | FR8: Ink-1 Qty | FS8: Rate | FT8: Ink-2 Qty | FU8: Rate | FV8: Ink-3 Qty | FW8: Rate | FX8: Ink-4 Qty | FY8: Rate | FZ8: Ink-5 Qty | GA8: Rate | GB8: Ink-6 Qty | GC8: Rate | GD8: Ink-7 Qty | GE8: Rate | GF8: Ink-8 Qty | GG8: Rate | GI8: Return Qty | GJ8: Rate | GK8: Qty Consumed | GL8: Amount | GN8: Last Wo#+Colour (A) | GO8: Mix Ink Colour | GP8: Issued Qty -kg (A) | GQ8: Rate | GR8: Last Wo#+Colour (B) | GS8: Issued Qty -kg (B) | GT8: Rate | GU8: Ink-1 Code | GV8: Ink-2 Code | GW8: Ink-3 Code | GX8: Ink-4 Code | GY8: Ink-5 Code | GZ8: Ink-6 Code | HA8: Ink-7 Code | HB8: Ink-8 Code | HC8: Ink-1 Qty | HD8: Rate | HE8: Ink-2 Qty | HF8: Rate | HG8: Ink-3 Qty | HH8: Rate | HI8: Ink-4 Qty | HJ8: Rate | HK8: Ink-5 Qty | HL8: Rate | HM8: Ink-6 Qty | HN8: Rate | HO8: Ink-7 Qty | HP8: Rate | HQ8: Ink-8 Qty | HR8: Rate | HT8: Return Qty | HU8: Rate | HV8: Qty Consumed | HW8: Amount | HY8: Last Wo#+Colour (A) | HZ8: Mix Ink Colour | IA8: Issued Qty -kg (A) | IB8: Rate | IC8: Last Wo#+Colour (B) | ID8: Issued Qty -kg (B) | IE8: Rate | IF8: Ink-1 Code | IG8: Ink-2 Code | IH8: Ink-3 Code | II8: Ink-4 Code | IJ8: Ink-5 Code | IK8: Ink-6 Code | IL8: Ink-7 Code | IM8: Ink-8 Code | IN8: Ink-1 Qty | IO8: Rate | IP8: Ink-2 Qty | IQ8: Rate | IR8: Ink-3 Qty | IS8: Rate | IT8: Ink-4 Qty | IU8: Rate | IV8: Ink-5 Qty | IW8: Rate | IX8: Ink-6 Qty | IY8: Rate | IZ8: Ink-7 Qty | JA8: Rate | JB8: Ink-8 Qty | JC8: Rate | JE8: Return Qty | JF8: Rate | JG8: Qty Consumed | JH8: Amount | JJ8: Last Wo# + Colour (A) | JK8: Mix Ink Colour | JL8: Issued Qty -kg (A) | JM8: Rate | JN8: Last Wo# + Colour (B) | JO8: Issued Qty -kg (B) | JP8: Rate | JQ8: Ink-1 Code | JR8: Ink-2 Code | JS8: Ink-3 Code | JT8: Ink-4 Code | JU8: Ink-5 Code | JV8: Ink-6 Code | JW8: Ink-7 Code | JX8: Ink-8 Code | JY8: Ink-1 Qty | JZ8: Rate | KA8: Ink-2 Qty | KB8: Rate | KC8: Ink-3 Qty | KD8: Rate | KE8: Ink-4 Qty | KF8: Rate | KG8: Ink-5 Qty | KH8: Rate | KI8: Ink-6 Qty | KJ8: Rate | KK8: Ink-7 Qty | KL8: Rate | KM8: Ink-8 Qty | KN8: Rate | KP8: Return Qty | KQ8: Rate | KR8: Qty Consumed | KS8: Amount | KT8: Station1 allocated kg | KU8: Station2 allocated kg | KV8: Station3 allocated kg | KW8: Station4 allocated kg | KX8: Station5 allocated kg | KY8: Station6 allocated kg | KZ8: Station7 allocated kg | LA8: Station8 allocated kg | LB8: Ethyl % | LC8: Ethnol % | LD8: PM % (Lami) / IPA (belle) | LE8: MIBK% (Lami)/ NPAC (belle) | LF8: NPA % | LG8: Opening kg | LH8: Issued | LI8: NCE solvent | LJ8: Closing kg | LK8: Net Solvent consumed | LL8: Solvent issued (ROTO) | LM8: Ethyl Qty | LN8: Rate | LO8: Ethnol Qty | LP8: Rate | LQ8: IPA Qty | LR8: Rate | LS8: NPAC Qty | LT8: Rate | LU8: NPA Qty | LV8: Rate | LW8: Solvent Amount | LX8: Solvent Ave rate | ME8: Qty consumed at each Station (+/-) | MQ8: SOLID CONT | MR8: SOLV RTO | MT8: 1 | MU8: 1 | MV8: 2 | MW8: 2 | MX8: 3 | MY8: 3 | MZ8: 4 | NA8: 4 | NB8: 5 | NC8: 5 | ND8: 6 | NE8: 6 | NF8: 7 | NG8: 7 | NH8: 8 | NI8: 8
A9: Date | B9: Shift | C9: WO | D9: Job Name | E9: x | F9: x | G9: ROTO | H9: Y/N | I9: x | J9: x | K9: x | L9: x | M9: x | N9: x | O9: x | P9: x | Q9: x | R9: x | S9: x | T9: x | U9: x | V9: x | W9: x | X9: x | Y9: x | Z9: x | AA9: x | AB9: x | AD9: x | AE9: x | AF9: x | AG9: x | AH9: x | AI9: x | AJ9: x | AK9: x | AL9: x | AM9: x | AN9: x | AO9: x | AP9: x | AQ9: x | AR9: x | AS9: x | AT9: x | AU9: x | AV9: x | AW9: x | AX9: x | AY9: x | AZ9: x | BA9: x | BB9: x | BC9: x | BD9: x | BE9: x | BF9: x | BG9: x | BH9: x | BI9: x | BJ9: x | BK9: x | BL9: x | BM9: x | BN9: x | BO9: x | BP9: x | BQ9: x | BR9: x | BS9: x | BT9: x | BU9: x | BV9: x | BW9: x | BX9: x | BY9: x | BZ9: x | CA9: x | CB9: x | CC9: x | CD9: x | CE9: x | CF9: x | CG9: x | CH9: x | CI9: x | CJ9: x | CK9: x | CL9: x | CM9: x | CN9: x | CO9: x | CP9: x | CQ9: x | CR9: x | CS9: x | CT9: x | CU9: x | CV9: x | CW9: x | CX9: x | CY9: x | CZ9: x | DA9: x | DB9: x | DC9: x | DD9: x | DE9: x | DF9: x | DG9: x | DH9: x | DI9: x | DJ9: x | DK9: x | DL9: x | DM9: x | DN9: x | DO9: x | DP9: x | DQ9: x | DR9: x | DS9: x | DT9: x | DU9: x | DV9: x | DW9: x | DX9: x | DY9: x | DZ9: x | EA9: x | EB9: x | EC9: x | ED9: x | EE9: x | EF9: x | EG9: x | EH9: x | EI9: x | EJ9: x | EK9: x | EL9: x | EM9: x | EN9: x | EO9: x | EP9: x | EQ9: x | ER9: x | ES9: x | ET9: x | EU9: x | EV9: x | EW9: x | EX9: x | EY9: x | EZ9: x | FA9: x | FB9: x | FC9: x | FD9: x | FE9: x | FF9: x | FG9: x | FH9: x | FI9: x | FJ9: x | FK9: x | FL9: x | FM9: x | FN9: x | FO9: x | FP9: x | FQ9: x | FR9: x | FS9: x | FT9: x | FU9: x | FV9: x | FW9: x | FX9: x | FY9: x | FZ9: x | GA9: x | GB9: x | GC9: x | GD9: x | GE9: x | GF9: x | GG9: x | GH9: x | GI9: x | GJ9: x | GK9: x | GL9: x | GM9: x | GN9: x | GO9: x | GP9: x | GQ9: x | GR9: x | GS9: x | GT9: x | GU9: x | GV9: x | GW9: x | GX9: x | GY9: x | GZ9: x | HA9: x | HB9: x | HC9: x | HD9: x | HE9: x | HF9: x | HG9: x | HH9: x | HI9: x | HJ9: x | HK9: x | HL9: x | HM9: x | HN9: x | HO9: x | HP9: x | HQ9: x | HR9: x | HS9: x | HT9: x | HU9: x | HV9: x | HW9: x | HX9: x | HY9: x | HZ9: x | IA9: x | IB9: x | IC9: x | ID9: x | IE9: x | IF9: x | IG9: x | IH9: x | II9: x | IJ9: x | IK9: x | IL9: x | IM9: x | IN9: x | IO9: x | IP9: x | IQ9: x | IR9: x | IS9: x | IT9: x | IU9: x | IV9: x | IW9: x | IX9: x | IY9: x | IZ9: x | JA9: x | JB9: x | JC9: x | JD9: x | JE9: x | JF9: x | JG9: x | JH9: x | JI9: x | JJ9: x | JK9: x | JL9: x | JM9: x | JN9: x | JO9: x | JP9: x | JQ9: x | JR9: x | JS9: x | JT9: x | JU9: x | JV9: x | JW9: x | JX9: x | JY9: x | JZ9: x | KA9: x | KB9: x | KC9: x | KD9: x | KE9: x | KF9: x | KG9: x | KH9: x | KI9: x | KJ9: x | KK9: x | KL9: x | KM9: x | KN9: x | KO9: x | KP9: x | KQ9: x | KR9: x | KS9: x | KT9: x | KU9: x | KV9: x | KW9: x | KX9: x | KY9: x | KZ9: x | LA9: x | LB9: x | LC9: x | LD9: x | LE9: x | LF9: x | LG9: x | LH9: x | LI9: NCE | LJ9: x | LK9: Solvent (Roto tank) | LL9: Solvent (Calculation) | LM9: x | LN9: x | LO9: x | LP9: x | LQ9: x | LR9: x | LS9: x | LT9: x | LV9: x | LW9: xSol | LX9: x | LY9: Value | LZ9: - | MA9: Fresh Ink Issued | MB9: Mix ink consumed | MC9: Logsheet # | MD9: check | ME9: 1 | MF9: 2 | MG9: 3 | MH9: 4 | MI9: 5 | MJ9: 6 | MK9: 7 | ML9: 8 | MT9: AQ | MU9: AS | MV9: AQ | MW9: AS | MX9: AQ | MY9: AS | MZ9: AQ | NA9: AS | NB9: AQ | NC9: AS | ND9: AQ | NE9: AS | NF9: AQ | NG9: AS | NH9: AQ | NI9: AS | NJ9: REMARKS
A10: 46024 | B10: A | C10: N00878 | D10: TL1 | E10: 77 | F10: 4300 | G10: I | H10: N | I10: 2.2 | J10: BLACK | K10: H01300B | L10: =CONCATENATE(AP10," - ",J10) -> ToyoLi - BLACK | M10: =16+17 -> 33 | N10: =IF(M10=0,0,IF($LB10=70%,VLOOKUP($L10,'Jan-2026 rates'!$L:$R,4,0),IF($LB10=65%,VLOOKUP($L10,'Jan-2026 rates'!$L:$R,4,0),IF($LB10=40%,VLOOKUP($L10,'Jan-2026 rates'!$L:$R,5,0),IF($LB10=30%,VLOOKUP($L10,'Jan-2026 rates'!$L:$R,6,0),IF($LB10=100%,VLOOKUP($L10,'Jan-2026 rates'!$L:$R,7,0),IF($LB10=60%,VLOOKUP($L10,'Jan-2026 rates'!$L:$S,8,0),IF($LB10=80%,VLOOKUP($L10,'Jan-2026 rates'!L:T,9,0),0)))))))) -> 0 | Q10: =IF(P10=0,0,IF($LB10=70%,VLOOKUP($L10,'Jan-2026 rates'!$L:$R,4,0),IF($LB10=65%,VLOOKUP($L10,'Jan-2026 rates'!$L:$R,4,0),IF($LB10=40%,VLOOKUP($L10,'Jan-2026 rates'!$L:$R,5,0),IF($LB10=30%,VLOOKUP($L10,'Jan-2026 rates'!$L:$R,6,0),IF($LB10=100%,VLOOKUP($L10,'Jan-2026 rates'!$L:$R,7,0),IF($LB10=60%,VLOOKUP($L10,'Jan-2026 rates'!$L:$S,8,0),IF($LB10=80%,VLOOKUP($L10,'Jan-2026 rates'!L:T,9,0),0)))))))) -> 0 | AA10: =IF(Z10=0,0,IF(LEN(R10)=11,_xlfn.XLOOKUP(R10,'Dispensed Ink Rates'!C:C,'Dispensed Ink Rates'!CS:CS),VLOOKUP(R10,'Jan-2026 rates'!$E:$F,2,0))) -> 0 | AC10: =IF(AB10=0,0,IF(LEN(S10)=11,_xlfn.XLOOKUP(S10,'Dispensed Ink Rates'!C:C,'Dispensed Ink Rates'!CS:CS),VLOOKUP(S10,'Jan-2026 rates'!$E:$F,2,0))) -> 0 | AE10: =IF(AD10=0,0,IF(LEN(T10)=11,_xlfn.XLOOKUP(T10,'Dispensed Ink Rates'!C:C,'Dispensed Ink Rates'!CS:CS),VLOOKUP(T10,'Jan-2026 rates'!$E:$F,2,0))) -> 0 | AG10: =IF(AF10=0,0,IF(LEN(U10)=11,_xlfn.XLOOKUP(U10,'Dispensed Ink Rates'!C:C,'Dispensed Ink Rates'!CS:CS),VLOOKUP(U10,'Jan-2026 rates'!$E:$F,2,0))) -> 0 | AI10: =IF(AH10=0,0,IF(LEN(V10)=11,_xlfn.XLOOKUP(V10,'Dispensed Ink Rates'!C:C,'Dispensed Ink Rates'!CS:CS),VLOOKUP(V10,'Jan-2026 rates'!$E:$F,2,0))) -> 0 | AK10: =IF(AJ10=0,0,IF(LEN(W10)=11,_xlfn.XLOOKUP(W10,'Dispensed Ink Rates'!C:C,'Dispensed Ink Rates'!CS:CS),VLOOKUP(W10,'Jan-2026 rates'!$E:$F,2,0))) -> 0 | AM10: =IF(AL10=0,0,IF(LEN(X10)=11,_xlfn.XLOOKUP(X10,'Dispensed Ink Rates'!C:C,'Dispensed Ink Rates'!CS:CS),VLOOKUP(X10,'Jan-2026 rates'!$E:$F,2,0))) -> 0 | AO10: =IF(AN10=0,0,IF(LEN(Y10)=11,_xlfn.XLOOKUP(Y10,'Dispensed Ink Rates'!C:C,'Dispensed Ink Rates'!CS:CS),VLOOKUP(Y10,'Jan-2026 rates'!$E:$F,2,0))) -> 0 | AP10: ToyoLi | AQ10: 30 | AR10: =IFERROR(IF(AS10<=0,0,(M10*N10+P10*Q10+Z10*AA10+AB10*AC10+AD10*AE10+AF10*AG10+AH10*AI10+AJ10*AK10+AL10*AM10+AN10*AO10+(KT10/SUM(KT10:LA10)*LL10)*LX10)/(M10+P10+Z10+AB10+AD10+AF10+AH10+AJ10+AL10+AN10+(KT10/SUM(KT10:LA10)*LL10))),0) -> 0 | AS10: =IFERROR((M10+P10+Z10+AB10+AD10+AF10+AH10+AJ10+AL10+AN10+(KT10/SUM(KT10:LA10)*LL10)-AQ10),0) -> 6.5813953 | AT10: =IFERROR(IF(AS10<=0,0,(M10*N10+P10*Q10+Z10*AA10+AB10*AC10+AD10*AE10+AF10*AG10+AH10*AI10+AJ10*AK10+AL10*AM10+AN10*AO10-AQ10*AR10+(KT10/SUM(KT10:LA10)*LL10)*LX10)),0) -> 0 | AU10: GREEN | AV10: H01300G | AW10: =CONCATENATE(CA10," - ",AU10) -> ToyoLi - GREEN | AX10: 17 | AY10: =IF(AX10=0,0,IF($LB10=70%,VLOOKUP($AW10,'Jan-2026 rates'!$L:$R,4,0),IF($LB10=65%,VLOOKUP($AW10,'Jan-2026 rates'!$L:$R,4,0),IF($LB10=40%,VLOOKUP($AW10,'Jan-2026 rates'!$L:$R,5,0),IF($LB10=30%,VLOOKUP($AW10,'Jan-2026 rates'!$L:$R,6,0),IF($LB10=100%,VLOOKUP($AW10,'Jan-2026 rates'!$L:$R,7,0),IF($LB10=60%,VLOOKUP($AW10,'Jan-2026 rates'!$L:$S,8,0),IF($LB10=80%,VLOOKUP($AW10,'Jan-2026 rates'!L:T,9,0),0)))))))) -> 0 | BB10: =IF(BA10=0,0,IF($LB10=70%,VLOOKUP($AW10,'Jan-2026 rates'!$L:$R,4,0),IF($LB10=65%,VLOOKUP($AW10,'Jan-2026 rates'!$L:$R,4,0),IF($LB10=40%,VLOOKUP($AW10,'Jan-2026 rates'!$L:$R,5,0),IF($LB10=30%,VLOOKUP($AW10,'Jan-2026 rates'!$L:$R,6,0),IF($LB10=100%,VLOOKUP($AW10,'Jan-2026 rates'!$L:$R,7,0),IF($LB10=60%,VLOOKUP($AW10,'Jan-2026 rates'!$L:$S,8,0),IF($LB10=80%,VLOOKUP($AW10,'Jan-2026 rates'!L:T,9,0),0)))))))) -> 0 | BC10: R39 | BD10: R1205 | BE10: R92 | BK10: 2 | BL10: =IF(BK10=0,0,IF(LEN(BC10)=11,_xlfn.XLOOKUP(BC10,'Dispensed Ink Rates'!C:C,'Dispensed Ink Rates'!CS:CS),VLOOKUP(BC10,'Jan-2026 rates'!$E:$F,2,0))) -> 0 | BM10: 0.5 | BN10: =IF(BM10=0,0,IF(LEN(BD10)=11,_xlfn.XLOOKUP(BD10,'Dispensed Ink Rates'!C:C,'Dispensed Ink Rates'!CS:CS),VLOOKUP(BD10,'Jan-2026 rates'!$E:$F,2,0))) -> 0 | BO10: 0.5 | BP10: =IF(BO10=0,0,IF(LEN(BE10)=11,_xlfn.XLOOKUP(BE10,'Dispensed Ink Rates'!C:C,'Dispensed Ink Rates'!CS:CS),VLOOKUP(BE10,'Jan-2026 rates'!$E:$F,2,0))) -> 0 | BR10: =IF(BQ10=0,0,IF(LEN(BF10)=11,_xlfn.XLOOKUP(BF10,'Dispensed Ink Rates'!C:C,'Dispensed Ink Rates'!CS:CS),VLOOKUP(BF10,'Jan-2026 rates'!$E:$F,2,0))) -> 0 | BT10: =IF(BS10=0,0,IF(LEN(BG10)=11,_xlfn.XLOOKUP(BG10,'Dispensed Ink Rates'!C:C,'Dispensed Ink Rates'!CS:CS),VLOOKUP(BG10,'Jan-2026 rates'!$E:$F,2,0))) -> 0 | BV10: =IF(BU10=0,0,IF(LEN(BH10)=11,_xlfn.XLOOKUP(BH10,'Dispensed Ink Rates'!C:C,'Dispensed Ink Rates'!CS:CS),VLOOKUP(BH10,'Jan-2026 rates'!$E:$F,2,0))) -> 0 | BX10: =IF(BW10=0,0,IF(LEN(BI10)=11,_xlfn.XLOOKUP(BI10,'Dispensed Ink Rates'!C:C,'Dispensed Ink Rates'!CS:CS),VLOOKUP(BI10,'Jan-2026 rates'!$E:$F,2,0))) -> 0 | BZ10: =IF(BY10=0,0,IF(LEN(BJ10)=11,_xlfn.XLOOKUP(BJ10,'Dispensed Ink Rates'!C:C,'Dispensed Ink Rates'!CS:CS),VLOOKUP(BJ10,'Jan-2026 rates'!$E:$F,2,0))) -> 0 | CA10: ToyoLi | CB10: 18 | CC10: =IFERROR(IF(CD10<=0,0,(AX10*AY10+BA10*BB10+BK10*BL10+BM10*BN10+BO10*BP10+BQ10*BR10+BS10*BT10+BU10*BV10+BW10*BX10+BY10*BZ10+(KU10/SUM(KT10:LA10)*LL10)*LX10)/(AX10+BA10+BK10+BM10+BO10+BQ10+BS10+BU10+BW10+BY10+(KU10/SUM(KT10:LA10)*LL10))),0) -> 0 | CD10: =IFERROR((AX10+BA10+BK10+BM10+BO10+BQ10+BS10+BU10+BW10+BY10+(KU10/SUM(KT10:LA10)*LL10)-CB10),0) -> 5.5813953 | CE10: =IFERROR(IF(CD10<=0,0,(AX10*AY10+BA10*BB10+BK10*BL10+BM10*BN10+BO10*BP10+BQ10*BR10+BS10*BT10+BU10*BV10+BW10*BX10+BY10*BZ10-CB10*CC10+(KU10/SUM(KT10:LA10)*LL10)*LX10)),0) -> 0 | CF10: BLACK | CG10: B01023B | CH10: =CONCATENATE(DL10," - ",CF10) -> ToyoLi - BLACK | CI10: 20 | CJ10: =IF(CI10=0,0,IF($LB10=70%,VLOOKUP($CH10,'Jan-2026 rates'!$L:$R,4,0),IF($LB10=65%,VLOOKUP($CH10,'Jan-2026 rates'!$L:$R,4,0),IF($LB10=40%,VLOOKUP($CH10,'Jan-2026 rates'!$L:$R,5,0),IF($LB10=30%,VLOOKUP($CH10,'Jan-2026 rates'!$L:$R,6,0),IF($LB10=100%,VLOOKUP($CH10,'Jan-2026 rates'!$L:$R,7,0),IF($LB10=60%,VLOOKUP($CH10,'Jan-2026 rates'!$L:$S,8,0),IF($LB10=80%,VLOOKUP($CH10,'Jan-2026 rates'!L:T,9,0),0)))))))) -> 0 | CM10: =IF(CL10=0,0,IF($LB10=70%,VLOOKUP($CH10,'Jan-2026 rates'!$L:$R,4,0),IF($LB10=65%,VLOOKUP($CH10,'Jan-2026 rates'!$L:$R,4,0),IF($LB10=40%,VLOOKUP($CH10,'Jan-2026 rates'!$L:$R,5,0),IF($LB10=30%,VLOOKUP($CH10,'Jan-2026 rates'!$L:$R,6,0),IF($LB10=100%,VLOOKUP($CH10,'Jan-2026 rates'!$L:$R,7,0),IF($LB10=60%,VLOOKUP($CH10,'Jan-2026 rates'!$L:$S,8,0),IF($LB10=80%,VLOOKUP($CH10,'Jan-2026 rates'!L:T,9,0),0)))))))) -> 0 | CN10: R39 | CO10: R1205 | CP10: R92 | CV10: 2 | CW10: =IF(CV10=0,0,IF(LEN(CN10)=11,_xlfn.XLOOKUP(CN10,'Dispensed Ink Rates'!C:C,'Dispensed Ink Rates'!CS:CS),VLOOKUP(CN10,'Jan-2026 rates'!$E:$F,2,0))) -> 0 | CX10: 0.5 | CY10: =IF(CX10=0,0,IF(LEN(CO10)=11,_xlfn.XLOOKUP(CO10,'Dispensed Ink Rates'!C:C,'Dispensed Ink Rates'!CS:CS),VLOOKUP(CO10,'Jan-2026 rates'!$E:$F,2,0))) -> 0 | CZ10: 0.5 | DA10: =IF(CZ10=0,0,IF(LEN(CP10)=11,_xlfn.XLOOKUP(CP10,'Dispensed Ink Rates'!C:C,'Dispensed Ink Rates'!CS:CS),VLOOKUP(CP10,'Jan-2026 rates'!$E:$F,2,0))) -> 0 | DC10: =IF(DB10=0,0,IF(LEN(CQ10)=11,_xlfn.XLOOKUP(CQ10,'Dispensed Ink Rates'!C:C,'Dispensed Ink Rates'!CS:CS),VLOOKUP(CQ10,'Jan-2026 rates'!$E:$F,2,0))) -> 0 | DE10: =IF(DD10=0,0,IF(LEN(CR10)=11,_xlfn.XLOOKUP(CR10,'Dispensed Ink Rates'!C:C,'Dispensed Ink Rates'!CS:CS),VLOOKUP(CR10,'Jan-2026 rates'!$E:$F,2,0))) -> 0 | DG10: =IF(DF10=0,0,IF(LEN(CS10)=11,_xlfn.XLOOKUP(CS10,'Dispensed Ink Rates'!C:C,'Dispensed Ink Rates'!CS:CS),VLOOKUP(CS10,'Jan-2026 rates'!$E:$F,2,0))) -> 0 | DI10: =IF(DH10=0,0,IF(LEN(CT10)=11,_xlfn.XLOOKUP(CT10,'Dispensed Ink Rates'!C:C,'Dispensed Ink Rates'!CS:CS),VLOOKUP(CT10,'Jan-2026 rates'!$E:$F,2,0))) -> 0 | DK10: =IF(DJ10=0,0,IF(LEN(CU10)=11,_xlfn.XLOOKUP(CU10,'Dispensed Ink Rates'!C:C,'Dispensed Ink Rates'!CS:CS),VLOOKUP(CU10,'Jan-2026 rates'!$E:$F,2,0))) -> 0 | DL10: ToyoLi | DM10: =18+5 -> 23 | DN10: =IFERROR(IF(DO10<=0,0,(CI10*CJ10+CL10*CM10+CV10*CW10+CX10*CY10+CZ10*DA10+DB10*DC10+DD10*DE10+DF10*DG10+DH10*DI10+DJ10*DK10+(KV10/SUM(KT10:LA10)*LL10)*LX10)/(CI10+CL10+CV10+CX10+CZ10+DB10+DD10+DF10+DH10+DJ10+(KV10/SUM(KT10:LA10)*LL10))),0) -> 0 | DO10: =IFERROR((CI10+CL10+CV10+CX10+CZ10+DB10+DD10+DF10+DH10+DJ10+(KV10/SUM(KT10:LA10)*LL10)-DM10),0) -> 3.5813953 | DP10: =IFERROR(IF(DO10<=0,0,(CI10*CJ10+CL10*CM10+CV10*CW10+CX10*CY10+CZ10*DA10+DB10*DC10+DD10*DE10+DF10*DG10+DH10*DI10+DJ10*DK10-DM10*DN10+(KV10/SUM(KT10:LA10)*LL10)*LX10)),0) -> 0 | DQ10: MAGENTA | DR10: F00848M | DS10: =CONCATENATE(EW10," - ",DQ10) -> ToyoLi - MAGENTA | DT10: =14+15 -> 29 | DU10: =IF(DT10=0,0,IF($LB10=70%,VLOOKUP($DS10,'Jan-2026 rates'!$L:$R,4,0),IF($LB10=65%,VLOOKUP($DS10,'Jan-2026 rates'!$L:$R,4,0),IF($LB10=40%,VLOOKUP($DS10,'Jan-2026 rates'!$L:$R,5,0),IF($LB10=30%,VLOOKUP($DS10,'Jan-2026 rates'!$L:$R,6,0),IF($LB10=100%,VLOOKUP($DS10,'Jan-2026 rates'!$L:$R,7,0),IF($LB10=60%,VLOOKUP($DS10,'Jan-2026 rates'!$L:$S,8,0),IF($LB10=80%,VLOOKUP($DS10,'Jan-2026 rates'!L:T,9,0),0)))))))) -> 0 | DX10: =IF(DW10=0,0,IF($LB10=70%,VLOOKUP($DS10,'Jan-2026 rates'!$L:$R,4,0),IF($LB10=65%,VLOOKUP($DS10,'Jan-2026 rates'!$L:$R,4,0),IF($LB10=40%,VLOOKUP($DS10,'Jan-2026 rates'!$L:$R,5,0),IF($LB10=30%,VLOOKUP($DS10,'Jan-2026 rates'!$L:$R,6,0),IF($LB10=100%,VLOOKUP($DS10,'Jan-2026 rates'!$L:$R,7,0),IF($LB10=60%,VLOOKUP($DS10,'Jan-2026 rates'!$L:$S,8,0),IF($LB10=80%,VLOOKUP($DS10,'Jan-2026 rates'!L:T,9,0),0)))))))) -> 0 | EH10: =IF(EG10=0,0,IF(LEN(DY10)=11,_xlfn.XLOOKUP(DY10,'Dispensed Ink Rates'!C:C,'Dispensed Ink Rates'!CS:CS),VLOOKUP(DY10,'Jan-2026 rates'!$E:$F,2,0))) -> 0 | EJ10: =IF(EI10=0,0,IF(LEN(DZ10)=11,_xlfn.XLOOKUP(DZ10,'Dispensed Ink Rates'!C:C,'Dispensed Ink Rates'!CS:CS),VLOOKUP(DZ10,'Jan-2026 rates'!$E:$F,2,0))) -> 0 | EL10: =IF(EK10=0,0,IF(LEN(EA10)=11,_xlfn.XLOOKUP(EA10,'Dispensed Ink Rates'!C:C,'Dispensed Ink Rates'!CS:CS),VLOOKUP(EA10,'Jan-2026 rates'!$E:$F,2,0))) -> 0 | EN10: =IF(EM10=0,0,IF(LEN(EB10)=11,_xlfn.XLOOKUP(EB10,'Dispensed Ink Rates'!C:C,'Dispensed Ink Rates'!CS:CS),VLOOKUP(EB10,'Jan-2026 rates'!$E:$F,2,0))) -> 0 | EP10: =IF(EO10=0,0,IF(LEN(EC10)=11,_xlfn.XLOOKUP(EC10,'Dispensed Ink Rates'!C:C,'Dispensed Ink Rates'!CS:CS),VLOOKUP(EC10,'Jan-2026 rates'!$E:$F,2,0))) -> 0 | ER10: =IF(EQ10=0,0,IF(LEN(ED10)=11,_xlfn.XLOOKUP(ED10,'Dispensed Ink Rates'!C:C,'Dispensed Ink Rates'!CS:CS),VLOOKUP(ED10,'Jan-2026 rates'!$E:$F,2,0))) -> 0 | ET10: =IF(ES10=0,0,IF(LEN(EE10)=11,_xlfn.XLOOKUP(EE10,'Dispensed Ink Rates'!C:C,'Dispensed Ink Rates'!CS:CS),VLOOKUP(EE10,'Jan-2026 rates'!$E:$F,2,0))) -> 0 | EV10: =IF(EU10=0,0,IF(LEN(EF10)=11,_xlfn.XLOOKUP(EF10,'Dispensed Ink Rates'!C:C,'Dispensed Ink Rates'!CS:CS),VLOOKUP(EF10,'Jan-2026 rates'!$E:$F,2,0))) -> 0 | EW10: ToyoLi | EX10: 26 | EY10: =IFERROR(IF(EZ10<=0,0,(DT10*DU10+DW10*DX10+EG10*EH10+EI10*EJ10+EK10*EL10+EM10*EN10+EO10*EP10+EQ10*ER10+ES10*ET10+EU10*EV10+(KW10/SUM(KT10:LA10)*LL10)*LX10)/(DT10+DW10+EG10+EI10+EK10+EM10+EO10+EQ10+ES10+EU10+(KW10/SUM(KT10:LA10)*LL10))),0) -> 0 | EZ10: =IFERROR((DT10+DW10+EG10+EI10+EK10+EM10+EO10+EQ10+ES10+EU10+(KW10/SUM(KT10:LA10)*LL10)-EX10),0) -> 6.5813953 | FA10: =IFERROR(IF(EZ10<=0,0,(DT10*DU10+DW10*DX10+EG10*EH10+EI10*EJ10+EK10*EL10+EM10*EN10+EO10*EP10+EQ10*ER10+ES10*ET10+EU10*EV10-EX10*EY10+(KW10/SUM(KT10:LA10)*LL10)*LX10)),0) -> 0 | FB10: YELLOW | FC10: H01300Y | FD10: =CONCATENATE(GH10," - ",FB10) -> ToyoLi - YELLOW | FE10: 15 | FF10: =IF(FE10=0,0,IF($LB10=70%,VLOOKUP($FD10,'Jan-2026 rates'!$L:$R,4,0),IF($LB10=65%,VLOOKUP($FD10,'Jan-2026 rates'!$L:$R,4,0),IF($LB10=40%,VLOOKUP($FD10,'Jan-2026 rates'!$L:$R,5,0),IF($LB10=30%,VLOOKUP($FD10,'Jan-2026 rates'!$L:$R,6,0),IF($LB10=100%,VLOOKUP($FD10,'Jan-2026 rates'!$L:$R,7,0),IF($LB10=60%,VLOOKUP($FD10,'Jan-2026 rates'!$L:$S,8,0),IF($LB10=80%,VLOOKUP($FD10,'Jan-2026 rates'!L:T,9,0),0)))))))) -> 0 | FI10: =IF(FH10=0,0,IF($LB10=70%,VLOOKUP($FD10,'Jan-2026 rates'!$L:$R,4,0),IF($LB10=65%,VLOOKUP($FD10,'Jan-2026 rates'!$L:$R,4,0),IF($LB10=40%,VLOOKUP($FD10,'Jan-2026 rates'!$L:$R,5,0),IF($LB10=30%,VLOOKUP($FD10,'Jan-2026 rates'!$L:$R,6,0),IF($LB10=100%,VLOOKUP($FD10,'Jan-2026 rates'!$L:$R,7,0),IF($LB10=60%,VLOOKUP($FD10,'Jan-2026 rates'!$L:$S,8,0),IF($LB10=80%,VLOOKUP($FD10,'Jan-2026 rates'!L:T,9,0),0)))))))) -> 0 | FJ10: F23T | FR10: 8 | FS10: =IF(FR10=0,0,IF(LEN(FJ10)=11,_xlfn.XLOOKUP(FJ10,'Dispensed Ink Rates'!C:C,'Dispensed Ink Rates'!CS:CS),VLOOKUP(FJ10,'Jan-2026 rates'!$E:$F,2,0))) -> 0 | FU10: =IF(FT10=0,0,IF(LEN(FK10)=11,_xlfn.XLOOKUP(FK10,'Dispensed Ink Rates'!C:C,'Dispensed Ink Rates'!CS:CS),VLOOKUP(FK10,'Jan-2026 rates'!$E:$F,2,0))) -> 0 | FW10: =IF(FV10=0,0,IF(LEN(FL10)=11,_xlfn.XLOOKUP(FL10,'Dispensed Ink Rates'!C:C,'Dispensed Ink Rates'!CS:CS),VLOOKUP(FL10,'Jan-2026 rates'!$E:$F,2,0))) -> 0 | FY10: =IF(FX10=0,0,IF(LEN(FM10)=11,_xlfn.XLOOKUP(FM10,'Dispensed Ink Rates'!C:C,'Dispensed Ink Rates'!CS:CS),VLOOKUP(FM10,'Jan-2026 rates'!$E:$F,2,0))) -> 0 | GA10: =IF(FZ10=0,0,IF(LEN(FN10)=11,_xlfn.XLOOKUP(FN10,'Dispensed Ink Rates'!C:C,'Dispensed Ink Rates'!CS:CS),VLOOKUP(FN10,'Jan-2026 rates'!$E:$F,2,0))) -> 0 | GC10: =IF(GB10=0,0,IF(LEN(FO10)=11,_xlfn.XLOOKUP(FO10,'Dispensed Ink Rates'!C:C,'Dispensed Ink Rates'!CS:CS),VLOOKUP(FO10,'Jan-2026 rates'!$E:$F,2,0))) -> 0 | GE10: =IF(GD10=0,0,IF(LEN(FP10)=11,_xlfn.XLOOKUP(FP10,'Dispensed Ink Rates'!C:C,'Dispensed Ink Rates'!CS:CS),VLOOKUP(FP10,'Jan-2026 rates'!$E:$F,2,0))) -> 0 | GG10: =IF(GF10=0,0,IF(LEN(FQ10)=11,_xlfn.XLOOKUP(FQ10,'Dispensed Ink Rates'!C:C,'Dispensed Ink Rates'!CS:CS),VLOOKUP(FQ10,'Jan-2026 rates'!$E:$F,2,0))) -> 0 | GH10: ToyoLi | GI10: 25 | GJ10: =IFERROR(IF(GK10<=0,0,(FE10*FF10+FH10*FI10+FR10*FS10+FT10*FU10+FV10*FW10+FX10*FY10+FZ10*GA10+GB10*GC10+GD10*GE10+GF10*GG10+(KX10/SUM(KT10:LA10)*LL10)*LX10)/(FE10+FH10+FR10+FT10+FV10+FX10+FZ10+GB10+GD10+GF10+(KX10/SUM(KT10:LA10)*LL10))),0) -> 0 | GK10: =IFERROR((FE10+FH10+FR10+FT10+FV10+FX10+FZ10+GB10+GD10+GF10+(KX10/SUM(KT10:LA10)*LL10)-GI10),0) -> 3.372093 | GL10: =IFERROR(IF(GK10<=0,0,(FE10*FF10+FH10*FI10+FR10*FS10+FT10*FU10+FV10*FW10+FX10*FY10+FZ10*GA10+GB10*GC10+GD10*GE10+GF10*GG10-GI10*GJ10+(KX10/SUM(KT10:LA10)*LL10)*LX10)),0) -> 0 | GM10: GOLD | GN10: N00875G | GO10: =CONCATENATE(HS10," - ",GM10) -> ToyoLi - GOLD | GP10: 20 | GQ10: =IF(GP10=0,0,IF($LB10=70%,VLOOKUP($GO10,'Jan-2026 rates'!$L:$R,4,0),IF($LB10=65%,VLOOKUP($GO10,'Jan-2026 rates'!$L:$R,4,0),IF($LB10=40%,VLOOKUP($GO10,'Jan-2026 rates'!$L:$R,5,0),IF($LB10=30%,VLOOKUP($GO10,'Jan-2026 rates'!$L:$R,6,0),IF($LB10=100%,VLOOKUP($GO10,'Jan-2026 rates'!$L:$R,7,0),IF($LB10=60%,VLOOKUP($GO10,'Jan-2026 rates'!$L:$S,8,0),IF($LB10=80%,VLOOKUP($GO10,'Jan-2026 rates'!L:T,9,0),0)))))))) -> 0 | GT10: =IF(GS10=0,0,IF($LB10=70%,VLOOKUP($GO10,'Jan-2026 rates'!$L:$R,4,0),IF($LB10=65%,VLOOKUP($GO10,'Jan-2026 rates'!$L:$R,4,0),IF($LB10=40%,VLOOKUP($GO10,'Jan-2026 rates'!$L:$R,5,0),IF($LB10=30%,VLOOKUP($GO10,'Jan-2026 rates'!$L:$R,6,0),IF($LB10=100%,VLOOKUP($GO10,'Jan-2026 rates'!$L:$R,7,0),IF($LB10=60%,VLOOKUP($GO10,'Jan-2026 rates'!$L:$S,8,0),IF($LB10=80%,VLOOKUP($GO10,'Jan-2026 rates'!L:T,9,0),0)))))))) -> 0 | GU10: TLSI | HC10: 5 | HD10: =IF(HC10=0,0,IF(LEN(GU10)=11,_xlfn.XLOOKUP(GU10,'Dispensed Ink Rates'!C:C,'Dispensed Ink Rates'!CS:CS),VLOOKUP(GU10,'Jan-2026 rates'!$E:$F,2,0))) -> 0 | HF10: =IF(HE10=0,0,IF(LEN(GV10)=11,_xlfn.XLOOKUP(GV10,'Dispensed Ink Rates'!C:C,'Dispensed Ink Rates'!CS:CS),VLOOKUP(GV10,'Jan-2026 rates'!$E:$F,2,0))) -> 0 | HH10: =IF(HG10=0,0,IF(LEN(GW10)=11,_xlfn.XLOOKUP(GW10,'Dispensed Ink Rates'!C:C,'Dispensed Ink Rates'!CS:CS),VLOOKUP(GW10,'Jan-2026 rates'!$E:$F,2,0))) -> 0 | HJ10: =IF(HI10=0,0,IF(LEN(GX10)=11,_xlfn.XLOOKUP(GX10,'Dispensed Ink Rates'!C:C,'Dispensed Ink Rates'!CS:CS),VLOOKUP(GX10,'Jan-2026 rates'!$E:$F,2,0))) -> 0 | HL10: =IF(HK10=0,0,IF(LEN(GY10)=11,_xlfn.XLOOKUP(GY10,'Dispensed Ink Rates'!C:C,'Dispensed Ink Rates'!CS:CS),VLOOKUP(GY10,'Jan-2026 rates'!$E:$F,2,0))) -> 0 | HN10: =IF(HM10=0,0,IF(LEN(GZ10)=11,_xlfn.XLOOKUP(GZ10,'Dispensed Ink Rates'!C:C,'Dispensed Ink Rates'!CS:CS),VLOOKUP(GZ10,'Jan-2026 rates'!$E:$F,2,0))) -> 0 | HP10: =IF(HO10=0,0,IF(LEN(HA10)=11,_xlfn.XLOOKUP(HA10,'Dispensed Ink Rates'!C:C,'Dispensed Ink Rates'!CS:CS),VLOOKUP(HA10,'Jan-2026 rates'!$E:$F,2,0))) -> 0 | HR10: =IF(HQ10=0,0,IF(LEN(HB10)=11,_xlfn.XLOOKUP(HB10,'Dispensed Ink Rates'!C:C,'Dispensed Ink Rates'!CS:CS),VLOOKUP(HB10,'Jan-2026 rates'!$E:$F,2,0))) -> 0 | HS10: ToyoLi | HT10: 20 | HU10: =IFERROR(IF(HV10<=0,0,(GP10*GQ10+GS10*GT10+HC10*HD10+HE10*HF10+HG10*HH10+HI10*HJ10+HK10*HL10+HM10*HN10+HO10*HP10+HQ10*HR10+(KY10/SUM(KT10:LA10)*LL10)*LX10)/(GP10+GS10+HC10+HE10+HG10+HI10+HK10+HM10+HO10+HQ10+(KY10/SUM(KT10:LA10)*LL10))),0) -> 0 | HV10: =IFERROR((GP10+GS10+HC10+HE10+HG10+HI10+HK10+HM10+HO10+HQ10+(KY10/SUM(KT10:LA10)*LL10)-HT10),0) -> 8.5813953 | HW10: =IFERROR(IF(HV10<=0,0,(GP10*GQ10+GS10*GT10+HC10*HD10+HE10*HF10+HG10*HH10+HI10*HJ10+HK10*HL10+HM10*HN10+HO10*HP10+HQ10*HR10-HT10*HU10+(KY10/SUM(KT10:LA10)*LL10)*LX10)),0) -> 0 | HX10: WHITE | HZ10: =CONCATENATE(JD10," - ",HX10) -> ToyoLi - WHITE | IB10: =IF(IA10=0,0,IF($LB10=70%,VLOOKUP($HZ10,'Jan-2026 rates'!$L:$R,4,0),IF($LB10=65%,VLOOKUP($HZ10,'Jan-2026 rates'!$L:$R,4,0),IF($LB10=40%,VLOOKUP($HZ10,'Jan-2026 rates'!$L:$R,5,0),IF($LB10=30%,VLOOKUP($HZ10,'Jan-2026 rates'!$L:$R,6,0),IF($LB10=100%,VLOOKUP($HZ10,'Jan-2026 rates'!$L:$R,7,0),IF($LB10=60%,VLOOKUP($HZ10,'Jan-2026 rates'!$L:$S,8,0),IF($LB10=80%,VLOOKUP($HZ10,'Jan-2026 rates'!L:T,9,0),0)))))))) -> 0 | IE10: =IF(ID10=0,0,IF($LB10=70%,VLOOKUP($HZ10,'Jan-2026 rates'!$L:$R,4,0),IF($LB10=65%,VLOOKUP($HZ10,'Jan-2026 rates'!$L:$R,4,0),IF($LB10=40%,VLOOKUP($HZ10,'Jan-2026 rates'!$L:$R,5,0),IF($LB10=30%,VLOOKUP($HZ10,'Jan-2026 rates'!$L:$R,6,0),IF($LB10=100%,VLOOKUP($HZ10,'Jan-2026 rates'!$L:$R,7,0),IF($LB10=60%,VLOOKUP($HZ10,'Jan-2026 rates'!$L:$S,8,0),IF($LB10=80%,VLOOKUP($HZ10,'Jan-2026 rates'!L:T,9,0),0)))))))) -> 0 | IF10: F640 | IG10: HSLAS | IN10: 40 | IO10: =IF(IN10=0,0,IF(LEN(IF10)=11,_xlfn.XLOOKUP(IF10,'Dispensed Ink Rates'!C:C,'Dispensed Ink Rates'!CS:CS),VLOOKUP(IF10,'Jan-2026 rates'!$E:$F,2,0))) -> 0 | IP10: 4.02 | IQ10: =IF(IP10=0,0,IF(LEN(IG10)=11,_xlfn.XLOOKUP(IG10,'Dispensed Ink Rates'!C:C,'Dispensed Ink Rates'!CS:CS),VLOOKUP(IG10,'Jan-2026 rates'!$E:$F,2,0))) -> 0 | IS10: =IF(IR10=0,0,IF(LEN(IH10)=11,_xlfn.XLOOKUP(IH10,'Dispensed Ink Rates'!C:C,'Dispensed Ink Rates'!CS:CS),VLOOKUP(IH10,'Jan-2026 rates'!$E:$F,2,0))) -> 0 | IU10: =IF(IT10=0,0,IF(LEN(II10)=11,_xlfn.XLOOKUP(II10,'Dispensed Ink Rates'!C:C,'Dispensed Ink Rates'!CS:CS),VLOOKUP(II10,'Jan-2026 rates'!$E:$F,2,0))) -> 0 | IW10: =IF(IV10=0,0,IF(LEN(IJ10)=11,_xlfn.XLOOKUP(IJ10,'Dispensed Ink Rates'!C:C,'Dispensed Ink Rates'!CS:CS),VLOOKUP(IJ10,'Jan-2026 rates'!$E:$F,2,0))) -> 0 | IY10: =IF(IX10=0,0,IF(LEN(IK10)=11,_xlfn.XLOOKUP(IK10,'Dispensed Ink Rates'!C:C,'Dispensed Ink Rates'!CS:CS),VLOOKUP(IK10,'Jan-2026 rates'!$E:$F,2,0))) -> 0 | JA10: =IF(IZ10=0,0,IF(LEN(IL10)=11,_xlfn.XLOOKUP(IL10,'Dispensed Ink Rates'!C:C,'Dispensed Ink Rates'!CS:CS),VLOOKUP(IL10,'Jan-2026 rates'!$E:$F,2,0))) -> 0 | JC10: =IF(JB10=0,0,IF(LEN(IM10)=11,_xlfn.XLOOKUP(IM10,'Dispensed Ink Rates'!C:C,'Dispensed Ink Rates'!CS:CS),VLOOKUP(IM10,'Jan-2026 rates'!$E:$F,2,0))) -> 0 | JD10: ToyoLi | JE10: 30 | JF10: =IFERROR(IF(JG10<=0,0,(IA10*IB10+ID10*IE10+IN10*IO10+IP10*IQ10+IR10*IS10+IT10*IU10+IV10*IW10+IX10*IY10+IZ10*JA10+JB10*JC10+(KZ10/SUM(KT10:LA10)*LL10)*LX10)/(IA10+ID10+IN10+IP10+IR10+IT10+IV10+IX10+IZ10+JB10+(KZ10/SUM(KT10:LA10)*LL10))),0) -> 0 | JG10: =IFERROR((IA10+ID10+IN10+IP10+IR10+IT10+IV10+IX10+IZ10+JB10+(KZ10/SUM(KT10:LA10)*LL10)-JE10),0) -> 67.74093 | JH10: =IFERROR(IF(JG10<=0,0,(IA10*IB10+ID10*IE10+IN10*IO10+IP10*IQ10+IR10*IS10+IT10*IU10+IV10*IW10+IX10*IY10+IZ10*JA10+JB10*JC10-JE10*JF10+(KZ10/SUM(KT10:LA10)*LL10)*LX10)),0) -> 0 | JK10: =CONCATENATE(KO10," - ",JI10) -> - | JM10: =IF(JL10=0,0,IF($LB10=70%,VLOOKUP($JK10,'Jan-2026 rates'!$L:$R,4,0),IF($LB10=65%,VLOOKUP($JK10,'Jan-2026 rates'!$L:$R,4,0),IF($LB10=40%,VLOOKUP($JK10,'Jan-2026 rates'!$L:$R,5,0),IF($LB10=30%,VLOOKUP($JK10,'Jan-2026 rates'!$L:$R,6,0),IF($LB10=100%,VLOOKUP($JK10,'Jan-2026 rates'!$L:$R,7,0),IF($LB10=60%,VLOOKUP($JK10,'Jan-2026 rates'!$L:$S,8,0),IF($LB10=80%,VLOOKUP($JK10,'Jan-2026 rates'!L:T,9,0),0)))))))) -> 0 | JP10: =IF(JO10=0,0,IF($LB10=70%,VLOOKUP($JK10,'Jan-2026 rates'!$L:$R,4,0),IF($LB10=65%,VLOOKUP($JK10,'Jan-2026 rates'!$L:$R,4,0),IF($LB10=40%,VLOOKUP($JK10,'Jan-2026 rates'!$L:$R,5,0),IF($LB10=30%,VLOOKUP($JK10,'Jan-2026 rates'!$L:$R,6,0),IF($LB10=100%,VLOOKUP($JK10,'Jan-2026 rates'!$L:$R,7,0),IF($LB10=60%,VLOOKUP($JK10,'Jan-2026 rates'!$L:$S,8,0),IF($LB10=80%,VLOOKUP($JK10,'Jan-2026 rates'!L:T,9,0),0)))))))) -> 0 | JZ10: =IF(JY10=0,0,IF(LEN(JQ10)=11,_xlfn.XLOOKUP(JQ10,'Dispensed Ink Rates'!C:C,'Dispensed Ink Rates'!CS:CS),VLOOKUP(JQ10,'Jan-2026 rates'!$E:$F,2,0))) -> 0 | KB10: =IF(KA10=0,0,IF(LEN(JR10)=11,_xlfn.XLOOKUP(JR10,'Dispensed Ink Rates'!C:C,'Dispensed Ink Rates'!CS:CS),VLOOKUP(JR10,'Jan-2026 rates'!$E:$F,2,0))) -> 0 | KD10: =IF(KC10=0,0,IF(LEN(JS10)=11,_xlfn.XLOOKUP(JS10,'Dispensed Ink Rates'!C:C,'Dispensed Ink Rates'!CS:CS),VLOOKUP(JS10,'Jan-2026 rates'!$E:$F,2,0))) -> 0 | KF10: =IF(KE10=0,0,IF(LEN(JT10)=11,_xlfn.XLOOKUP(JT10,'Dispensed Ink Rates'!C:C,'Dispensed Ink Rates'!CS:CS),VLOOKUP(JT10,'Jan-2026 rates'!$E:$F,2,0))) -> 0 | KH10: =IF(KG10=0,0,IF(LEN(JU10)=11,_xlfn.XLOOKUP(JU10,'Dispensed Ink Rates'!C:C,'Dispensed Ink Rates'!CS:CS),VLOOKUP(JU10,'Jan-2026 rates'!$E:$F,2,0))) -> 0 | KJ10: =IF(KI10=0,0,IF(LEN(JV10)=11,_xlfn.XLOOKUP(JV10,'Dispensed Ink Rates'!C:C,'Dispensed Ink Rates'!CS:CS),VLOOKUP(JV10,'Jan-2026 rates'!$E:$F,2,0))) -> 0 | KL10: =IF(KK10=0,0,IF(LEN(JW10)=11,_xlfn.XLOOKUP(JW10,'Dispensed Ink Rates'!C:C,'Dispensed Ink Rates'!CS:CS),VLOOKUP(JW10,'Jan-2026 rates'!$E:$F,2,0))) -> 0 | KN10: =IF(KM10=0,0,IF(LEN(JX10)=11,_xlfn.XLOOKUP(JX10,'Dispensed Ink Rates'!C:C,'Dispensed Ink Rates'!CS:CS),VLOOKUP(JX10,'Jan-2026 rates'!$E:$F,2,0))) -> 0 | KQ10: =IFERROR(IF(KR10<=0,0,(JL10*JM10+JO10*JP10+JY10*JZ10+KA10*KB10+KC10*KD10+KE10*KF10+KG10*KH10+KI10*KJ10+KK10*KL10+KM10*KN10+(LA10/SUM(KT10:LA10)*LL10)*LX10)/(JL10+JO10+JY10+KA10+KC10+KE10+KG10+KI10+KK10+KM10+(LA10/SUM(KT10:LA10)*LL10))),0) -> 0 | KR10: =IFERROR((JL10+JO10+JY10+KA10+KC10+KE10+KG10+KI10+KK10+KM10+(LA10/SUM(KT10:LA10)*LL10)-KP10),0) -> 0 | KS10: =IFERROR(IF(KR10<=0,0,(JL10*JM10+JO10*JP10+JY10*JZ10+KA10*KB10+KC10*KD10+KE10*KF10+KG10*KH10+KI10*KJ10+KK10*KL10+KM10*KN10-KP10*KQ10+(LA10/SUM(KT10:LA10)*LL10)*LX10)),0) -> 0 | KT10: 2 | KU10: 2 | KV10: 2 | KW10: 2 | KX10: 3 | KY10: 2 | KZ10: 30 | LA10: 0 | LB10: 0.3 | LE10: 0.5 | LF10: 0.2 | LG10: 0 | LH10: =32+15+9+15+6 -> 77 | LI10: 0 | LJ10: 0 | LK10: =LG10+LH10+LI10-LJ10 -> 77 | LL10: =IF(LK10<=0,SUM(KT10:LA10),LK10) -> 77 | LM10: =IFERROR($LL10*LB10,0) -> 23.1 | LN10: =VLOOKUP($LM$8,'Jan-2026 rates'!$H:$I,2,0) -> 0 | LO10: =IFERROR(LL10*LC10,0) -> 0 | LP10: =VLOOKUP($LO$8,'Jan-2026 rates'!$H:$I,2,0) -> 0 | LQ10: =IFERROR(LL10*LD10,0) -> 0 | LR10: =VLOOKUP($LQ$8,'Jan-2026 rates'!$H:$I,2,0) -> 0 | LS10: =IFERROR(LL10*LE10,0) -> 38.5 | LT10: =VLOOKUP($LS$8,'Jan-2026 rates'!$H:$I,2,0) -> 0 | LU10: =IFERROR(LL10*LF10,0) -> 15.4 | LV10: =VLOOKUP($LU$8,'Jan-2026 rates'!$H:$I,2,0) -> 0 | LW10: =(LM10*LN10+LO10*LP10+LQ10*LR10+LS10*LT10+LU10*LV10) -> 0 | LX10: =IFERROR(LW10/LL10,0) -> 0 | LY10: =AT10+CE10+DP10+FA10+GL10+HW10+JH10+KS10 -> 0 | MA10: =Z10+AB10+AD10+AF10+AH10+AJ10+AL10+AN10+BK10+BM10+BO10+BQ10+BS10+BU10+BW10+BY10+CV10+CX10+CZ10+DB10+DD10+DF10+DH10+DJ10+EG10+EI10+EK10+EM10+EO10+EQ10+ES10+EU10+FR10+FT10+FV10+FX10+FZ10+GB10+GD10+GF10+HC10+HE10+HG10+HI10+HK10+HM10+HO10+HQ10+IN10+IP10+IR10+IT10+IV10+IX10+IZ10+JB10+JY10+KA10+KC10+KE10+KG10+KI10+KK10+KM10 -> 63.02 | MB10: =AS10+CD10+DO10+EZ10+GK10+HV10+JG10+KR10 -> 102.02 | MC10: TL1 | MD10: =CONCATENATE(AP10,CA10,DL10,EW10,GH10,HS10,JD10,KO10) -> ToyoLiToyoLiToyoLiToyoLiToyoLiToyoLiToyoLi | ME10: =IF(AQ10<>"",IF(AS10>0,"+","-"),"NIL") -> + | MF10: =IF(CB10<>"",IF(CD10>0,"+","-"),"NIL") -> + | MG10: =IF(DM10<>"",IF(DO10>0,"+","-"),"NIL") -> + | MH10: =IF(EX10<>"",IF(EZ10>0,"+","-"),"NIL") -> + | MI10: =IF(GI10<>"",IF(GK10>0,"+","-"),"NIL") -> + | MJ10: =IF(HT10<>"",IF(HV10>0,"+","-"),"NIL") -> + | MK10: =IF(JE10<>"",IF(JG10>0,"+","-"),"NIL") -> + | ML10: =IF(KP10<>"",IF(KR10>0,"+","-"),"NIL") -> NIL | MM10: {=OR(ME10:ML10="-")} -> FALSE
A11: 46024 | B11: A | C11: N00706 | D11: TL2 | E11: 46 | F11: 2600 | G11: I | H11: N | I11: 1.5 | J11: BLACK | K11: N00878B | L11: =CONCATENATE(AP11," - ",J11) -> ToyoLi - BLACK | M11: 30 | N11: =IF(M11=0,0,IF($LB11=70%,VLOOKUP($L11,'Jan-2026 rates'!$L:$R,4,0),IF($LB11=65%,VLOOKUP($L11,'Jan-2026 rates'!$L:$R,4,0),IF($LB11=40%,VLOOKUP($L11,'Jan-2026 rates'!$L:$R,5,0),IF($LB11=30%,VLOOKUP($L11,'Jan-2026 rates'!$L:$R,6,0),IF($LB11=100%,VLOOKUP($L11,'Jan-2026 rates'!$L:$R,7,0),IF($LB11=60%,VLOOKUP($L11,'Jan-2026 rates'!$L:$S,8,0),IF($LB11=80%,VLOOKUP($L11,'Jan-2026 rates'!L:T,9,0),0)))))))) -> 0 | Q11: =IF(P11=0,0,IF($LB11=70%,VLOOKUP($L11,'Jan-2026 rates'!$L:$R,4,0),IF($LB11=65%,VLOOKUP($L11,'Jan-2026 rates'!$L:$R,4,0),IF($LB11=40%,VLOOKUP($L11,'Jan-2026 rates'!$L:$R,5,0),IF($LB11=30%,VLOOKUP($L11,'Jan-2026 rates'!$L:$R,6,0),IF($LB11=100%,VLOOKUP($L11,'Jan-2026 rates'!$L:$R,7,0),IF($LB11=60%,VLOOKUP($L11,'Jan-2026 rates'!$L:$S,8,0),IF($LB11=80%,VLOOKUP($L11,'Jan-2026 rates'!L:T,9,0),0)))))))) -> 0 | R11: RTMD | Z11: 2 | AA11: =IF(Z11=0,0,IF(LEN(R11)=11,_xlfn.XLOOKUP(R11,'Dispensed Ink Rates'!C:C,'Dispensed Ink Rates'!CS:CS),VLOOKUP(R11,'Jan-2026 rates'!$E:$F,2,0))) -> 0 | AC11: =IF(AB11=0,0,IF(LEN(S11)=11,_xlfn.XLOOKUP(S11,'Dispensed Ink Rates'!C:C,'Dispensed Ink Rates'!CS:CS),VLOOKUP(S11,'Jan-2026 rates'!$E:$F,2,0))) -> 0 | AE11: =IF(AD11=0,0,IF(LEN(T11)=11,_xlfn.XLOOKUP(T11,'Dispensed Ink Rates'!C:C,'Dispensed Ink Rates'!CS:CS),VLOOKUP(T11,'Jan-2026 rates'!$E:$F,2,0))) -> 0 | AG11: =IF(AF11=0,0,IF(LEN(U11)=11,_xlfn.XLOOKUP(U11,'Dispensed Ink Rates'!C:C,'Dispensed Ink Rates'!CS:CS),VLOOKUP(U11,'Jan-2026 rates'!$E:$F,2,0))) -> 0 | AI11: =IF(AH11=0,0,IF(LEN(V11)=11,_xlfn.XLOOKUP(V11,'Dispensed Ink Rates'!C:C,'Dispensed Ink Rates'!CS:CS),VLOOKUP(V11,'Jan-2026 rates'!$E:$F,2,0))) -> 0 | AK11: =IF(AJ11=0,0,IF(LEN(W11)=11,_xlfn.XLOOKUP(W11,'Dispensed Ink Rates'!C:C,'Dispensed Ink Rates'!CS:CS),VLOOKUP(W11,'Jan-2026 rates'!$E:$F,2,0))) -> 0 | AM11: =IF(AL11=0,0,IF(LEN(X11)=11,_xlfn.XLOOKUP(X11,'Dispensed Ink Rates'!C:C,'Dispensed Ink Rates'!CS:CS),VLOOKUP(X11,'Jan-2026 rates'!$E:$F,2,0))) -> 0 | AO11: =IF(AN11=0,0,IF(LEN(Y11)=11,_xlfn.XLOOKUP(Y11,'Dispensed Ink Rates'!C:C,'Dispensed Ink Rates'!CS:CS),VLOOKUP(Y11,'Jan-2026 rates'!$E:$F,2,0))) -> 0 | AP11: ToyoLi | AQ11: 29 | AR11: =IFERROR(IF(AS11<=0,0,(M11*N11+P11*Q11+Z11*AA11+AB11*AC11+AD11*AE11+AF11*AG11+AH11*AI11+AJ11*AK11+AL11*AM11+AN11*AO11+(KT11/SUM(KT11:LA11)*LL11)*LX11)/(M11+P11+Z11+AB11+AD11+AF11+AH11+AJ11+AL11+AN11+(KT11/SUM(KT11:LA11)*LL11))),0) -> 0 | AS11: =IFERROR((M11+P11+Z11+AB11+AD11+AF11+AH11+AJ11+AL11+AN11+(KT11/SUM(KT11:LA11)*LL11)-AQ11),0) -> 3 | AT11: =IFERROR(IF(AS11<=0,0,(M11*N11+P11*Q11+Z11*AA11+AB11*AC11+AD11*AE11+AF11*AG11+AH11*AI11+AJ11*AK11+AL11*AM11+AN11*AO11-AQ11*AR11+(KT11/SUM(KT11:LA11)*LL11)*LX11)),0) -> 0 | AU11: BLACK | AV11: N00875B | AW11: =CONCATENATE(CA11," - ",AU11) -> ToyoLi - BLACK | AX11: 17 | AY11: =IF(AX11=0,0,IF($LB11=70%,VLOOKUP($AW11,'Jan-2026 rates'!$L:$R,4,0),IF($LB11=65%,VLOOKUP($AW11,'Jan-2026 rates'!$L:$R,4,0),IF($LB11=40%,VLOOKUP($AW11,'Jan-2026 rates'!$L:$R,5,0),IF($LB11=30%,VLOOKUP($AW11,'Jan-2026 rates'!$L:$R,6,0),IF($LB11=100%,VLOOKUP($AW11,'Jan-2026 rates'!$L:$R,7,0),IF($LB11=60%,VLOOKUP($AW11,'Jan-2026 rates'!$L:$S,8,0),IF($LB11=80%,VLOOKUP($AW11,'Jan-2026 rates'!L:T,9,0),0)))))))) -> 0 | AZ11: N00878B | BA11: 5 | BB11: =IF(BA11=0,0,IF($LB11=70%,VLOOKUP($AW11,'Jan-2026 rates'!$L:$R,4,0),IF($LB11=65%,VLOOKUP($AW11,'Jan-2026 rates'!$L:$R,4,0),IF($LB11=40%,VLOOKUP($AW11,'Jan-2026 rates'!$L:$R,5,0),IF($LB11=30%,VLOOKUP($AW11,'Jan-2026 rates'!$L:$R,6,0),IF($LB11=100%,VLOOKUP($AW11,'Jan-2026 rates'!$L:$R,7,0),IF($LB11=60%,VLOOKUP($AW11,'Jan-2026 rates'!$L:$S,8,0),IF($LB11=80%,VLOOKUP($AW11,'Jan-2026 rates'!L:T,9,0),0)))))))) -> 0 | BC11: R92 | BK11: 5 | BL11: =IF(BK11=0,0,IF(LEN(BC11)=11,_xlfn.XLOOKUP(BC11,'Dispensed Ink Rates'!C:C,'Dispensed Ink Rates'!CS:CS),VLOOKUP(BC11,'Jan-2026 rates'!$E:$F,2,0))) -> 0 | BN11: =IF(BM11=0,0,IF(LEN(BD11)=11,_xlfn.XLOOKUP(BD11,'Dispensed Ink Rates'!C:C,'Dispensed Ink Rates'!CS:CS),VLOOKUP(BD11,'Jan-2026 rates'!$E:$F,2,0))) -> 0 | BP11: =IF(BO11=0,0,IF(LEN(BE11)=11,_xlfn.XLOOKUP(BE11,'Dispensed Ink Rates'!C:C,'Dispensed Ink Rates'!CS:CS),VLOOKUP(BE11,'Jan-2026 rates'!$E:$F,2,0))) -> 0 | BR11: =IF(BQ11=0,0,IF(LEN(BF11)=11,_xlfn.XLOOKUP(BF11,'Dispensed Ink Rates'!C:C,'Dispensed Ink Rates'!CS:CS),VLOOKUP(BF11,'Jan-2026 rates'!$E:$F,2,0))) -> 0 | BT11: =IF(BS11=0,0,IF(LEN(BG11)=11,_xlfn.XLOOKUP(BG11,'Dispensed Ink Rates'!C:C,'Dispensed Ink Rates'!CS:CS),VLOOKUP(BG11,'Jan-2026 rates'!$E:$F,2,0))) -> 0 | BV11: =IF(BU11=0,0,IF(LEN(BH11)=11,_xlfn.XLOOKUP(BH11,'Dispensed Ink Rates'!C:C,'Dispensed Ink Rates'!CS:CS),VLOOKUP(BH11,'Jan-2026 rates'!$E:$F,2,0))) -> 0 | BX11: =IF(BW11=0,0,IF(LEN(BI11)=11,_xlfn.XLOOKUP(BI11,'Dispensed Ink Rates'!C:C,'Dispensed Ink Rates'!CS:CS),VLOOKUP(BI11,'Jan-2026 rates'!$E:$F,2,0))) -> 0 | BZ11: =IF(BY11=0,0,IF(LEN(BJ11)=11,_xlfn.XLOOKUP(BJ11,'Dispensed Ink Rates'!C:C,'Dispensed Ink Rates'!CS:CS),VLOOKUP(BJ11,'Jan-2026 rates'!$E:$F,2,0))) -> 0 | CA11: ToyoLi | CB11: =15+16 -> 31 | CC11: =IFERROR(IF(CD11<=0,0,(AX11*AY11+BA11*BB11+BK11*BL11+BM11*BN11+BO11*BP11+BQ11*BR11+BS11*BT11+BU11*BV11+BW11*BX11+BY11*BZ11+(KU11/SUM(KT11:LA11)*LL11)*LX11)/(AX11+BA11+BK11+BM11+BO11+BQ11+BS11+BU11+BW11+BY11+(KU11/SUM(KT11:LA11)*LL11))),0) -> 0 | CD11: =IFERROR((AX11+BA11+BK11+BM11+BO11+BQ11+BS11+BU11+BW11+BY11+(KU11/SUM(KT11:LA11)*LL11)-CB11),0) -> 5.2 | CE11: =IFERROR(IF(CD11<=0,0,(AX11*AY11+BA11*BB11+BK11*BL11+BM11*BN11+BO11*BP11+BQ11*BR11+BS11*BT11+BU11*BV11+BW11*BX11+BY11*BZ11-CB11*CC11+(KU11/SUM(KT11:LA11)*LL11)*LX11)),0) -> 0 | CF11: BLACK | CG11: C01177G | CH11: =CONCATENATE(DL11," - ",CF11) -> ToyoLi - BLACK | CI11: 16 | CJ11: =IF(CI11=0,0,IF($LB11=70%,VLOOKUP($CH11,'Jan-2026 rates'!$L:$R,4,0),IF($LB11=65%,VLOOKUP($CH11,'Jan-2026 rates'!$L:$R,4,0),IF($LB11=40%,VLOOKUP($CH11,'Jan-2026 rates'!$L:$R,5,0),IF($LB11=30%,VLOOKUP($CH11,'Jan-2026 rates'!$L:$R,6,0),IF($LB11=100%,VLOOKUP($CH11,'Jan-2026 rates'!$L:$R,7,0),IF($LB11=60%,VLOOKUP($CH11,'Jan-2026 rates'!$L:$S,8,0),IF($LB11=80%,VLOOKUP($CH11,'Jan-2026 rates'!L:T,9,0),0)))))))) -> 0 | CK11: N00886G | CL11: 15 | CM11: =IF(CL11=0,0,IF($LB11=70%,VLOOKUP($CH11,'Jan-2026 rates'!$L:$R,4,0),IF($LB11=65%,VLOOKUP($CH11,'Jan-2026 rates'!$L:$R,4,0),IF($LB11=40%,VLOOKUP($CH11,'Jan-2026 rates'!$L:$R,5,0),IF($LB11=30%,VLOOKUP($CH11,'Jan-2026 rates'!$L:$R,6,0),IF($LB11=100%,VLOOKUP($CH11,'Jan-2026 rates'!$L:$R,7,0),IF($LB11=60%,VLOOKUP($CH11,'Jan-2026 rates'!$L:$S,8,0),IF($LB11=80%,VLOOKUP($CH11,'Jan-2026 rates'!L:T,9,0),0)))))))) -> 0 | CN11: R92 | CV11: 3 | CW11: =IF(CV11=0,0,IF(LEN(CN11)=11,_xlfn.XLOOKUP(CN11,'Dispensed Ink Rates'!C:C,'Dispensed Ink Rates'!CS:CS),VLOOKUP(CN11,'Jan-2026 rates'!$E:$F,2,0))) -> 0 | CY11: =IF(CX11=0,0,IF(LEN(CO11)=11,_xlfn.XLOOKUP(CO11,'Dispensed Ink Rates'!C:C,'Dispensed Ink Rates'!CS:CS),VLOOKUP(CO11,'Jan-2026 rates'!$E:$F,2,0))) -> 0 | DA11: =IF(CZ11=0,0,IF(LEN(CP11)=11,_xlfn.XLOOKUP(CP11,'Dispensed Ink Rates'!C:C,'Dispensed Ink Rates'!CS:CS),VLOOKUP(CP11,'Jan-2026 rates'!$E:$F,2,0))) -> 0 | DC11: =IF(DB11=0,0,IF(LEN(CQ11)=11,_xlfn.XLOOKUP(CQ11,'Dispensed Ink Rates'!C:C,'Dispensed Ink Rates'!CS:CS),VLOOKUP(CQ11,'Jan-2026 rates'!$E:$F,2,0))) -> 0 | DE11: =IF(DD11=0,0,IF(LEN(CR11)=11,_xlfn.XLOOKUP(CR11,'Dispensed Ink Rates'!C:C,'Dispensed Ink Rates'!CS:CS),VLOOKUP(CR11,'Jan-2026 rates'!$E:$F,2,0))) -> 0 | DG11: =IF(DF11=0,0,IF(LEN(CS11)=11,_xlfn.XLOOKUP(CS11,'Dispensed Ink Rates'!C:C,'Dispensed Ink Rates'!CS:CS),VLOOKUP(CS11,'Jan-2026 rates'!$E:$F,2,0))) -> 0 | DI11: =IF(DH11=0,0,IF(LEN(CT11)=11,_xlfn.XLOOKUP(CT11,'Dispensed Ink Rates'!C:C,'Dispensed Ink Rates'!CS:CS),VLOOKUP(CT11,'Jan-2026 rates'!$E:$F,2,0))) -> 0 | DK11: =IF(DJ11=0,0,IF(LEN(CU11)=11,_xlfn.XLOOKUP(CU11,'Dispensed Ink Rates'!C:C,'Dispensed Ink Rates'!CS:CS),VLOOKUP(CU11,'Jan-2026 rates'!$E:$F,2,0))) -> 0 | DL11: ToyoLi | DM11: =16+15 -> 31 | DN11: =IFERROR(IF(DO11<=0,0,(CI11*CJ11+CL11*CM11+CV11*CW11+CX11*CY11+CZ11*DA11+DB11*DC11+DD11*DE11+DF11*DG11+DH11*DI11+DJ11*DK11+(KV11/SUM(KT11:LA11)*LL11)*LX11)/(CI11+CL11+CV11+CX11+CZ11+DB11+DD11+DF11+DH11+DJ11+(KV11/SUM(KT11:LA11)*LL11))),0) -> 0 | DO11: =IFERROR((CI11+CL11+CV11+CX11+CZ11+DB11+DD11+DF11+DH11+DJ11+(KV11/SUM(KT11:LA11)*LL11)-DM11),0) -> 6.68 | DP11: =IFERROR(IF(DO11<=0,0,(CI11*CJ11+CL11*CM11+CV11*CW11+CX11*CY11+CZ11*DA11+DB11*DC11+DD11*DE11+DF11*DG11+DH11*DI11+DJ11*DK11-DM11*DN11+(KV11/SUM(KT11:LA11)*LL11)*LX11)),0) -> 0 | DQ11: GREEN | DR11: N00878G | DS11: =CONCATENATE(EW11," - ",DQ11) -> ToyoLi - GREEN | DT11: 18 | DU11: =IF(DT11=0,0,IF($LB11=70%,VLOOKUP($DS11,'Jan-2026 rates'!$L:$R,4,0),IF($LB11=65%,VLOOKUP($DS11,'Jan-2026 rates'!$L:$R,4,0),IF($LB11=40%,VLOOKUP($DS11,'Jan-2026 rates'!$L:$R,5,0),IF($LB11=30%,VLOOKUP($DS11,'Jan-2026 rates'!$L:$R,6,0),IF($LB11=100%,VLOOKUP($DS11,'Jan-2026 rates'!$L:$R,7,0),IF($LB11=60%,VLOOKUP($DS11,'Jan-2026 rates'!$L:$S,8,0),IF($LB11=80%,VLOOKUP($DS11,'Jan-2026 rates'!L:T,9,0),0)))))))) -> 0 | DX11: =IF(DW11=0,0,IF($LB11=70%,VLOOKUP($DS11,'Jan-2026 rates'!$L:$R,4,0),IF($LB11=65%,VLOOKUP($DS11,'Jan-2026 rates'!$L:$R,4,0),IF($LB11=40%,VLOOKUP($DS11,'Jan-2026 rates'!$L:$R,5,0),IF($LB11=30%,VLOOKUP($DS11,'Jan-2026 rates'!$L:$R,6,0),IF($LB11=100%,VLOOKUP($DS11,'Jan-2026 rates'!$L:$R,7,0),IF($LB11=60%,VLOOKUP($DS11,'Jan-2026 rates'!$L:$S,8,0),IF($LB11=80%,VLOOKUP($DS11,'Jan-2026 rates'!L:T,9,0),0)))))))) -> 0 | DY11: F23T | DZ11: R79 | EG11: 4 | EH11: =IF(EG11=0,0,IF(LEN(DY11)=11,_xlfn.XLOOKUP(DY11,'Dispensed Ink Rates'!C:C,'Dispensed Ink Rates'!CS:CS),VLOOKUP(DY11,'Jan-2026 rates'!$E:$F,2,0))) -> 0 | EI11: 2 | EJ11: =IF(EI11=0,0,IF(LEN(DZ11)=11,_xlfn.XLOOKUP(DZ11,'Dispensed Ink Rates'!C:C,'Dispensed Ink Rates'!CS:CS),VLOOKUP(DZ11,'Jan-2026 rates'!$E:$F,2,0))) -> 0 | EL11: =IF(EK11=0,0,IF(LEN(EA11)=11,_xlfn.XLOOKUP(EA11,'Dispensed Ink Rates'!C:C,'Dispensed Ink Rates'!CS:CS),VLOOKUP(EA11,'Jan-2026 rates'!$E:$F,2,0))) -> 0 | EN11: =IF(EM11=0,0,IF(LEN(EB11)=11,_xlfn.XLOOKUP(EB11,'Dispensed Ink Rates'!C:C,'Dispensed Ink Rates'!CS:CS),VLOOKUP(EB11,'Jan-2026 rates'!$E:$F,2,0))) -> 0 | EP11: =IF(EO11=0,0,IF(LEN(EC11)=11,_xlfn.XLOOKUP(EC11,'Dispensed Ink Rates'!C:C,'Dispensed Ink Rates'!CS:CS),VLOOKUP(EC11,'Jan-2026 rates'!$E:$F,2,0))) -> 0 | ER11: =IF(EQ11=0,0,IF(LEN(ED11)=11,_xlfn.XLOOKUP(ED11,'Dispensed Ink Rates'!C:C,'Dispensed Ink Rates'!CS:CS),VLOOKUP(ED11,'Jan-2026 rates'!$E:$F,2,0))) -> 0 | ET11: =IF(ES11=0,0,IF(LEN(EE11)=11,_xlfn.XLOOKUP(EE11,'Dispensed Ink Rates'!C:C,'Dispensed Ink Rates'!CS:CS),VLOOKUP(EE11,'Jan-2026 rates'!$E:$F,2,0))) -> 0 | EV11: =IF(EU11=0,0,IF(LEN(EF11)=11,_xlfn.XLOOKUP(EF11,'Dispensed Ink Rates'!C:C,'Dispensed Ink Rates'!CS:CS),VLOOKUP(EF11,'Jan-2026 rates'!$E:$F,2,0))) -> 0 | EW11: ToyoLi | EX11: =14+12 -> 26 | EY11: =IFERROR(IF(EZ11<=0,0,(DT11*DU11+DW11*DX11+EG11*EH11+EI11*EJ11+EK11*EL11+EM11*EN11+EO11*EP11+EQ11*ER11+ES11*ET11+EU11*EV11+(KW11/SUM(KT11:LA11)*LL11)*LX11)/(DT11+DW11+EG11+EI11+EK11+EM11+EO11+EQ11+ES11+EU11+(KW11/SUM(KT11:LA11)*LL11))),0) -> 0 | EZ11: =IFERROR((DT11+DW11+EG11+EI11+EK11+EM11+EO11+EQ11+ES11+EU11+(KW11/SUM(KT11:LA11)*LL11)-EX11),0) -> 3.52 | FA11: =IFERROR(IF(EZ11<=0,0,(DT11*DU11+DW11*DX11+EG11*EH11+EI11*EJ11+EK11*EL11+EM11*EN11+EO11*EP11+EQ11*ER11+ES11*ET11+EU11*EV11-EX11*EY11+(KW11/SUM(KT11:LA11)*LL11)*LX11)),0) -> 0 | FB11: MAGENTA | FC11: N00878M | FD11: =CONCATENATE(GH11," - ",FB11) -> ToyoLi - MAGENTA | FE11: 26 | FF11: =IF(FE11=0,0,IF($LB11=70%,VLOOKUP($FD11,'Jan-2026 rates'!$L:$R,4,0),IF($LB11=65%,VLOOKUP($FD11,'Jan-2026 rates'!$L:$R,4,0),IF($LB11=40%,VLOOKUP($FD11,'Jan-2026 rates'!$L:$R,5,0),IF($LB11=30%,VLOOKUP($FD11,'Jan-2026 rates'!$L:$R,6,0),IF($LB11=100%,VLOOKUP($FD11,'Jan-2026 rates'!$L:$R,7,0),IF($LB11=60%,VLOOKUP($FD11,'Jan-2026 rates'!$L:$S,8,0),IF($LB11=80%,VLOOKUP($FD11,'Jan-2026 rates'!L:T,9,0),0)))))))) -> 0 | FI11: =IF(FH11=0,0,IF($LB11=70%,VLOOKUP($FD11,'Jan-2026 rates'!$L:$R,4,0),IF($LB11=65%,VLOOKUP($FD11,'Jan-2026 rates'!$L:$R,4,0),IF($LB11=40%,VLOOKUP($FD11,'Jan-2026 rates'!$L:$R,5,0),IF($LB11=30%,VLOOKUP($FD11,'Jan-2026 rates'!$L:$R,6,0),IF($LB11=100%,VLOOKUP($FD11,'Jan-2026 rates'!$L:$R,7,0),IF($LB11=60%,VLOOKUP($FD11,'Jan-2026 rates'!$L:$S,8,0),IF($LB11=80%,VLOOKUP($FD11,'Jan-2026 rates'!L:T,9,0),0)))))))) -> 0 | FJ11: RTMD | FR11: 2 | FS11: =IF(FR11=0,0,IF(LEN(FJ11)=11,_xlfn.XLOOKUP(FJ11,'Dispensed Ink Rates'!C:C,'Dispensed Ink Rates'!CS:CS),VLOOKUP(FJ11,'Jan-2026 rates'!$E:$F,2,0))) -> 0 | FU11: =IF(FT11=0,0,IF(LEN(FK11)=11,_xlfn.XLOOKUP(FK11,'Dispensed Ink Rates'!C:C,'Dispensed Ink Rates'!CS:CS),VLOOKUP(FK11,'Jan-2026 rates'!$E:$F,2,0))) -> 0 | FW11: =IF(FV11=0,0,IF(LEN(FL11)=11,_xlfn.XLOOKUP(FL11,'Dispensed Ink Rates'!C:C,'Dispensed Ink Rates'!CS:CS),VLOOKUP(FL11,'Jan-2026 rates'!$E:$F,2,0))) -> 0 | FY11: =IF(FX11=0,0,IF(LEN(FM11)=11,_xlfn.XLOOKUP(FM11,'Dispensed Ink Rates'!C:C,'Dispensed Ink Rates'!CS:CS),VLOOKUP(FM11,'Jan-2026 rates'!$E:$F,2,0))) -> 0 | GA11: =IF(FZ11=0,0,IF(LEN(FN11)=11,_xlfn.XLOOKUP(FN11,'Dispensed Ink Rates'!C:C,'Dispensed Ink Rates'!CS:CS),VLOOKUP(FN11,'Jan-2026 rates'!$E:$F,2,0))) -> 0 | GC11: =IF(GB11=0,0,IF(LEN(FO11)=11,_xlfn.XLOOKUP(FO11,'Dispensed Ink Rates'!C:C,'Dispensed Ink Rates'!CS:CS),VLOOKUP(FO11,'Jan-2026 rates'!$E:$F,2,0))) -> 0 | GE11: =IF(GD11=0,0,IF(LEN(FP11)=11,_xlfn.XLOOKUP(FP11,'Dispensed Ink Rates'!C:C,'Dispensed Ink Rates'!CS:CS),VLOOKUP(FP11,'Jan-2026 rates'!$E:$F,2,0))) -> 0 | GG11: =IF(GF11=0,0,IF(LEN(FQ11)=11,_xlfn.XLOOKUP(FQ11,'Dispensed Ink Rates'!C:C,'Dispensed Ink Rates'!CS:CS),VLOOKUP(FQ11,'Jan-2026 rates'!$E:$F,2,0))) -> 0 | GH11: ToyoLi | GI11: 28 | GJ11: =IFERROR(IF(GK11<=0,0,(FE11*FF11+FH11*FI11+FR11*FS11+FT11*FU11+FV11*FW11+FX11*FY11+FZ11*GA11+GB11*GC11+GD11*GE11+GF11*GG11+(KX11/SUM(KT11:LA11)*LL11)*LX11)/(FE11+FH11+FR11+FT11+FV11+FX11+FZ11+GB11+GD11+GF11+(KX11/SUM(KT11:LA11)*LL11))),0) -> 0 | GK11: =IFERROR((FE11+FH11+FR11+FT11+FV11+FX11+FZ11+GB11+GD11+GF11+(KX11/SUM(KT11:LA11)*LL11)-GI11),0) -> 5.52 | GL11: =IFERROR(IF(GK11<=0,0,(FE11*FF11+FH11*FI11+FR11*FS11+FT11*FU11+FV11*FW11+FX11*FY11+FZ11*GA11+GB11*GC11+GD11*GE11+GF11*GG11-GI11*GJ11+(KX11/SUM(KT11:LA11)*LL11)*LX11)),0) -> 0 | GM11: YELLOW | GN11: N00878Y | GO11: =CONCATENATE(HS11," - ",GM11) -> ToyoLi - YELLOW | GP11: 25 | GQ11: =IF(GP11=0,0,IF($LB11=70%,VLOOKUP($GO11,'Jan-2026 rates'!$L:$R,4,0),IF($LB11=65%,VLOOKUP($GO11,'Jan-2026 rates'!$L:$R,4,0),IF($LB11=40%,VLOOKUP($GO11,'Jan-2026 rates'!$L:$R,5,0),IF($LB11=30%,VLOOKUP($GO11,'Jan-2026 rates'!$L:$R,6,0),IF($LB11=100%,VLOOKUP($GO11,'Jan-2026 rates'!$L:$R,7,0),IF($LB11=60%,VLOOKUP($GO11,'Jan-2026 rates'!$L:$S,8,0),IF($LB11=80%,VLOOKUP($GO11,'Jan-2026 rates'!L:T,9,0),0)))))))) -> 0 | GT11: =IF(GS11=0,0,IF($LB11=70%,VLOOKUP($GO11,'Jan-2026 rates'!$L:$R,4,0),IF($LB11=65%,VLOOKUP($GO11,'Jan-2026 rates'!$L:$R,4,0),IF($LB11=40%,VLOOKUP($GO11,'Jan-2026 rates'!$L:$R,5,0),IF($LB11=30%,VLOOKUP($GO11,'Jan-2026 rates'!$L:$R,6,0),IF($LB11=100%,VLOOKUP($GO11,'Jan-2026 rates'!$L:$R,7,0),IF($LB11=60%,VLOOKUP($GO11,'Jan-2026 rates'!$L:$S,8,0),IF($LB11=80%,VLOOKUP($GO11,'Jan-2026 rates'!L:T,9,0),0)))))))) -> 0 | GU11: F23T | HC11: 2 | HD11: =IF(HC11=0,0,IF(LEN(GU11)=11,_xlfn.XLOOKUP(GU11,'Dispensed Ink Rates'!C:C,'Dispensed Ink Rates'!CS:CS),VLOOKUP(GU11,'Jan-2026 rates'!$E:$F,2,0))) -> 0 | HF11: =IF(HE11=0,0,IF(LEN(GV11)=11,_xlfn.XLOOKUP(GV11,'Dispensed Ink Rates'!C:C,'Dispensed Ink Rates'!CS:CS),VLOOKUP(GV11,'Jan-2026 rates'!$E:$F,2,0))) -> 0 | HH11: =IF(HG11=0,0,IF(LEN(GW11)=11,_xlfn.XLOOKUP(GW11,'Dispensed Ink Rates'!C:C,'Dispensed Ink Rates'!CS:CS),VLOOKUP(GW11,'Jan-2026 rates'!$E:$F,2,0))) -> 0 | HJ11: =IF(HI11=0,0,IF(LEN(GX11)=11,_xlfn.XLOOKUP(GX11,'Dispensed Ink Rates'!C:C,'Dispensed Ink Rates'!CS:CS),VLOOKUP(GX11,'Jan-2026 rates'!$E:$F,2,0))) -> 0 | HL11: =IF(HK11=0,0,IF(LEN(GY11)=11,_xlfn.XLOOKUP(GY11,'Dispensed Ink Rates'!C:C,'Dispensed Ink Rates'!CS:CS),VLOOKUP(GY11,'Jan-2026 rates'!$E:$F,2,0))) -> 0 | HN11: =IF(HM11=0,0,IF(LEN(GZ11)=11,_xlfn.XLOOKUP(GZ11,'Dispensed Ink Rates'!C:C,'Dispensed Ink Rates'!CS:CS),VLOOKUP(GZ11,'Jan-2026 rates'!$E:$F,2,0))) -> 0 | HP11: =IF(HO11=0,0,IF(LEN(HA11)=11,_xlfn.XLOOKUP(HA11,'Dispensed Ink Rates'!C:C,'Dispensed Ink Rates'!CS:CS),VLOOKUP(HA11,'Jan-2026 rates'!$E:$F,2,0))) -> 0 | HR11: =IF(HQ11=0,0,IF(LEN(HB11)=11,_xlfn.XLOOKUP(HB11,'Dispensed Ink Rates'!C:C,'Dispensed Ink Rates'!CS:CS),VLOOKUP(HB11,'Jan-2026 rates'!$E:$F,2,0))) -> 0 | HS11: ToyoLi | HT11: 25 | HU11: =IFERROR(IF(HV11<=0,0,(GP11*GQ11+GS11*GT11+HC11*HD11+HE11*HF11+HG11*HH11+HI11*HJ11+HK11*HL11+HM11*HN11+HO11*HP11+HQ11*HR11+(KY11/SUM(KT11:LA11)*LL11)*LX11)/(GP11+GS11+HC11+HE11+HG11+HI11+HK11+HM11+HO11+HQ11+(KY11/SUM(KT11:LA11)*LL11))),0) -> 0 | HV11: =IFERROR((GP11+GS11+HC11+HE11+HG11+HI11+HK11+HM11+HO11+HQ11+(KY11/SUM(KT11:LA11)*LL11)-HT11),0) -> 5.68 | HW11: =IFERROR(IF(HV11<=0,0,(GP11*GQ11+GS11*GT11+HC11*HD11+HE11*HF11+HG11*HH11+HI11*HJ11+HK11*HL11+HM11*HN11+HO11*HP11+HQ11*HR11-HT11*HU11+(KY11/SUM(KT11:LA11)*LL11)*LX11)),0) -> 0 | HX11: WHITE | HY11: N00878W | HZ11: =CONCATENATE(JD11," - ",HX11) -> ToyoLi - WHITE | IA11: 30 | IB11: =IF(IA11=0,0,IF($LB11=70%,VLOOKUP($HZ11,'Jan-2026 rates'!$L:$R,4,0),IF($LB11=65%,VLOOKUP($HZ11,'Jan-2026 rates'!$L:$R,4,0),IF($LB11=40%,VLOOKUP($HZ11,'Jan-2026 rates'!$L:$R,5,0),IF($LB11=30%,VLOOKUP($HZ11,'Jan-2026 rates'!$L:$R,6,0),IF($LB11=100%,VLOOKUP($HZ11,'Jan-2026 rates'!$L:$R,7,0),IF($LB11=60%,VLOOKUP($HZ11,'Jan-2026 rates'!$L:$S,8,0),IF($LB11=80%,VLOOKUP($HZ11,'Jan-2026 rates'!L:T,9,0),0)))))))) -> 0 | IE11: =IF(ID11=0,0,IF($LB11=70%,VLOOKUP($HZ11,'Jan-2026 rates'!$L:$R,4,0),IF($LB11=65%,VLOOKUP($HZ11,'Jan-2026 rates'!$L:$R,4,0),IF($LB11=40%,VLOOKUP($HZ11,'Jan-2026 rates'!$L:$R,5,0),IF($LB11=30%,VLOOKUP($HZ11,'Jan-2026 rates'!$L:$R,6,0),IF($LB11=100%,VLOOKUP($HZ11,'Jan-2026 rates'!$L:$R,7,0),IF($LB11=60%,VLOOKUP($HZ11,'Jan-2026 rates'!$L:$S,8,0),IF($LB11=80%,VLOOKUP($HZ11,'Jan-2026 rates'!L:T,9,0),0)))))))) -> 0 | IF11: F640 | IG11: HSLAS | IN11: 20 | IO11: =IF(IN11=0,0,IF(LEN(IF11)=11,_xlfn.XLOOKUP(IF11,'Dispensed Ink Rates'!C:C,'Dispensed Ink Rates'!CS:CS),VLOOKUP(IF11,'Jan-2026 rates'!$E:$F,2,0))) -> 0 | IP11: 3.93 | IQ11: =IF(IP11=0,0,IF(LEN(IG11)=11,_xlfn.XLOOKUP(IG11,'Dispensed Ink Rates'!C:C,'Dispensed Ink Rates'!CS:CS),VLOOKUP(IG11,'Jan-2026 rates'!$E:$F,2,0))) -> 0 | IS11: =IF(IR11=0,0,IF(LEN(IH11)=11,_xlfn.XLOOKUP(IH11,'Dispensed Ink Rates'!C:C,'Dispensed Ink Rates'!CS:CS),VLOOKUP(IH11,'Jan-2026 rates'!$E:$F,2,0))) -> 0 | IU11: =IF(IT11=0,0,IF(LEN(II11)=11,_xlfn.XLOOKUP(II11,'Dispensed Ink Rates'!C:C,'Dispensed Ink Rates'!CS:CS),VLOOKUP(II11,'Jan-2026 rates'!$E:$F,2,0))) -> 0 | IW11: =IF(IV11=0,0,IF(LEN(IJ11)=11,_xlfn.XLOOKUP(IJ11,'Dispensed Ink Rates'!C:C,'Dispensed Ink Rates'!CS:CS),VLOOKUP(IJ11,'Jan-2026 rates'!$E:$F,2,0))) -> 0 | IY11: =IF(IX11=0,0,IF(LEN(IK11)=11,_xlfn.XLOOKUP(IK11,'Dispensed Ink Rates'!C:C,'Dispensed Ink Rates'!CS:CS),VLOOKUP(IK11,'Jan-2026 rates'!$E:$F,2,0))) -> 0 | JA11: =IF(IZ11=0,0,IF(LEN(IL11)=11,_xlfn.XLOOKUP(IL11,'Dispensed Ink Rates'!C:C,'Dispensed Ink Rates'!CS:CS),VLOOKUP(IL11,'Jan-2026 rates'!$E:$F,2,0))) -> 0 | JC11: =IF(JB11=0,0,IF(LEN(IM11)=11,_xlfn.XLOOKUP(IM11,'Dispensed Ink Rates'!C:C,'Dispensed Ink Rates'!CS:CS),VLOOKUP(IM11,'Jan-2026 rates'!$E:$F,2,0))) -> 0 | JD11: ToyoLi | JE11: 28 | JF11: =IFERROR(IF(JG11<=0,0,(IA11*IB11+ID11*IE11+IN11*IO11+IP11*IQ11+IR11*IS11+IT11*IU11+IV11*IW11+IX11*IY11+IZ11*JA11+JB11*JC11+(KZ11/SUM(KT11:LA11)*LL11)*LX11)/(IA11+ID11+IN11+IP11+IR11+IT11+IV11+IX11+IZ11+JB11+(KZ11/SUM(KT11:LA11)*LL11))),0) -> 0 | JG11: =IFERROR((IA11+ID11+IN11+IP11+IR11+IT11+IV11+IX11+IZ11+JB11+(KZ11/SUM(KT11:LA11)*LL11)-JE11),0) -> 44.33 | JH11: =IFERROR(IF(JG11<=0,0,(IA11*IB11+ID11*IE11+IN11*IO11+IP11*IQ11+IR11*IS11+IT11*IU11+IV11*IW11+IX11*IY11+IZ11*JA11+JB11*JC11-JE11*JF11+(KZ11/SUM(KT11:LA11)*LL11)*LX11)),0) -> 0 | JK11: =CONCATENATE(KO11," - ",JI11) -> - | JM11: =IF(JL11=0,0,IF($LB11=70%,VLOOKUP($JK11,'Jan-2026 rates'!$L:$R,4,0),IF($LB11=65%,VLOOKUP($JK11,'Jan-2026 rates'!$L:$R,4,0),IF($LB11=40%,VLOOKUP($JK11,'Jan-2026 rates'!$L:$R,5,0),IF($LB11=30%,VLOOKUP($JK11,'Jan-2026 rates'!$L:$R,6,0),IF($LB11=100%,VLOOKUP($JK11,'Jan-2026 rates'!$L:$R,7,0),IF($LB11=60%,VLOOKUP($JK11,'Jan-2026 rates'!$L:$S,8,0),IF($LB11=80%,VLOOKUP($JK11,'Jan-2026 rates'!L:T,9,0),0)))))))) -> 0 | JP11: =IF(JO11=0,0,IF($LB11=70%,VLOOKUP($JK11,'Jan-2026 rates'!$L:$R,4,0),IF($LB11=65%,VLOOKUP($JK11,'Jan-2026 rates'!$L:$R,4,0),IF($LB11=40%,VLOOKUP($JK11,'Jan-2026 rates'!$L:$R,5,0),IF($LB11=30%,VLOOKUP($JK11,'Jan-2026 rates'!$L:$R,6,0),IF($LB11=100%,VLOOKUP($JK11,'Jan-2026 rates'!$L:$R,7,0),IF($LB11=60%,VLOOKUP($JK11,'Jan-2026 rates'!$L:$S,8,0),IF($LB11=80%,VLOOKUP($JK11,'Jan-2026 rates'!L:T,9,0),0)))))))) -> 0 | JZ11: =IF(JY11=0,0,IF(LEN(JQ11)=11,_xlfn.XLOOKUP(JQ11,'Dispensed Ink Rates'!C:C,'Dispensed Ink Rates'!CS:CS),VLOOKUP(JQ11,'Jan-2026 rates'!$E:$F,2,0))) -> 0 | KB11: =IF(KA11=0,0,IF(LEN(JR11)=11,_xlfn.XLOOKUP(JR11,'Dispensed Ink Rates'!C:C,'Dispensed Ink Rates'!CS:CS),VLOOKUP(JR11,'Jan-2026 rates'!$E:$F,2,0))) -> 0 | KD11: =IF(KC11=0,0,IF(LEN(JS11)=11,_xlfn.XLOOKUP(JS11,'Dispensed Ink Rates'!C:C,'Dispensed Ink Rates'!CS:CS),VLOOKUP(JS11,'Jan-2026 rates'!$E:$F,2,0))) -> 0 | KF11: =IF(KE11=0,0,IF(LEN(JT11)=11,_xlfn.XLOOKUP(JT11,'Dispensed Ink Rates'!C:C,'Dispensed Ink Rates'!CS:CS),VLOOKUP(JT11,'Jan-2026 rates'!$E:$F,2,0))) -> 0 | KH11: =IF(KG11=0,0,IF(LEN(JU11)=11,_xlfn.XLOOKUP(JU11,'Dispensed Ink Rates'!C:C,'Dispensed Ink Rates'!CS:CS),VLOOKUP(JU11,'Jan-2026 rates'!$E:$F,2,0))) -> 0 | KJ11: =IF(KI11=0,0,IF(LEN(JV11)=11,_xlfn.XLOOKUP(JV11,'Dispensed Ink Rates'!C:C,'Dispensed Ink Rates'!CS:CS),VLOOKUP(JV11,'Jan-2026 rates'!$E:$F,2,0))) -> 0 | KL11: =IF(KK11=0,0,IF(LEN(JW11)=11,_xlfn.XLOOKUP(JW11,'Dispensed Ink Rates'!C:C,'Dispensed Ink Rates'!CS:CS),VLOOKUP(JW11,'Jan-2026 rates'!$E:$F,2,0))) -> 0 | KN11: =IF(KM11=0,0,IF(LEN(JX11)=11,_xlfn.XLOOKUP(JX11,'Dispensed Ink Rates'!C:C,'Dispensed Ink Rates'!CS:CS),VLOOKUP(JX11,'Jan-2026 rates'!$E:$F,2,0))) -> 0 | KQ11: =IFERROR(IF(KR11<=0,0,(JL11*JM11+JO11*JP11+JY11*JZ11+KA11*KB11+KC11*KD11+KE11*KF11+KG11*KH11+KI11*KJ11+KK11*KL11+KM11*KN11+(LA11/SUM(KT11:LA11)*LL11)*LX11)/(JL11+JO11+JY11+KA11+KC11+KE11+KG11+KI11+KK11+KM11+(LA11/SUM(KT11:LA11)*LL11))),0) -> 0 | KR11: =IFERROR((JL11+JO11+JY11+KA11+KC11+KE11+KG11+KI11+KK11+KM11+(LA11/SUM(KT11:LA11)*LL11)-KP11),0) -> 0 | KS11: =IFERROR(IF(KR11<=0,0,(JL11*JM11+JO11*JP11+JY11*JZ11+KA11*KB11+KC11*KD11+KE11*KF11+KG11*KH11+KI11*KJ11+KK11*KL11+KM11*KN11-KP11*KQ11+(LA11/SUM(KT11:LA11)*LL11)*LX11)),0) -> 0 | KT11: 0 | KU11: 5 | KV11: 2 | KW11: 3 | KX11: 3 | KY11: 2 | KZ11: 10 | LA11: 0 | LB11: 0.3 | LE11: 0.5 | LF11: 0.2 | LG11: 0 | LH11: =10+10+6+10+6+4 -> 46 | LI11: 0 | LJ11: 0 | LK11: =LG11+LH11+LI11-LJ11 -> 46 | LL11: =IF(LK11<=0,SUM(KT11:LA11),LK11) -> 46 | LM11: =IFERROR($LL11*LB11,0) -> 13.8 | LN11: =VLOOKUP($LM$8,'Jan-2026 rates'!$H:$I,2,0) -> 0 | LO11: =IFERROR(LL11*LC11,0) -> 0 | LP11: =VLOOKUP($LO$8,'Jan-2026 rates'!$H:$I,2,0) -> 0 | LQ11: =IFERROR(LL11*LD11,0) -> 0 | LR11: =VLOOKUP($LQ$8,'Jan-2026 rates'!$H:$I,2,0) -> 0 | LS11: =IFERROR(LL11*LE11,0) -> 23 | LT11: =VLOOKUP($LS$8,'Jan-2026 rates'!$H:$I,2,0) -> 0 | LU11: =IFERROR(LL11*LF11,0) -> 9.2 | LV11: =VLOOKUP($LU$8,'Jan-2026 rates'!$H:$I,2,0) -> 0 | LW11: =(LM11*LN11+LO11*LP11+LQ11*LR11+LS11*LT11+LU11*LV11) -> 0 | LX11: =IFERROR(LW11/LL11,0) -> 0 | LY11: =AT11+CE11+DP11+FA11+GL11+HW11+JH11+KS11 -> 0 | MA11: =Z11+AB11+AD11+AF11+AH11+AJ11+AL11+AN11+BK11+BM11+BO11+BQ11+BS11+BU11+BW11+BY11+CV11+CX11+CZ11+DB11+DD11+DF11+DH11+DJ11+EG11+EI11+EK11+EM11+EO11+EQ11+ES11+EU11+FR11+FT11+FV11+FX11+FZ11+GB11+GD11+GF11+HC11+HE11+HG11+HI11+HK11+HM11+HO11+HQ11+IN11+IP11+IR11+IT11+IV11+IX11+IZ11+JB11+JY11+KA11+KC11+KE11+KG11+KI11+KK11+KM11 -> 43.93 | MB11: =AS11+CD11+DO11+EZ11+GK11+HV11+JG11+KR11 -> 73.93 | MC11: TL2 | MD11: =CONCATENATE(AP11,CA11,DL11,EW11,GH11,HS11,JD11,KO11) -> ToyoLiToyoLiToyoLiToyoLiToyoLiToyoLiToyoLi | ME11: =IF(AQ11<>"",IF(AS11>0,"+","-"),"NIL") -> + | MF11: =IF(CB11<>"",IF(CD11>0,"+","-"),"NIL") -> + | MG11: =IF(DM11<>"",IF(DO11>0,"+","-"),"NIL") -> + | MH11: =IF(EX11<>"",IF(EZ11>0,"+","-"),"NIL") -> + | MI11: =IF(GI11<>"",IF(GK11>0,"+","-"),"NIL") -> + | MJ11: =IF(HT11<>"",IF(HV11>0,"+","-"),"NIL") -> + | MK11: =IF(JE11<>"",IF(JG11>0,"+","-"),"NIL") -> + | ML11: =IF(KP11<>"",IF(KR11>0,"+","-"),"NIL") -> NIL | MM11: {=OR(ME11:ML11="-")} -> FALSE
A12: 46024 | B12: A | C12: R00011 | D12: TL3 | E12: 134 | F12: 7700 | G12: I | H12: N | I12: =2.1+0.9 -> 3 | J12: BLACK | K12: N00706B | L12: =CONCATENATE(AP12," - ",J12) -> ToyoLi - BLACK | M12: 29 | N12: =IF(M12=0,0,IF($LB12=70%,VLOOKUP($L12,'Jan-2026 rates'!$L:$R,4,0),IF($LB12=65%,VLOOKUP($L12,'Jan-2026 rates'!$L:$R,4,0),IF($LB12=40%,VLOOKUP($L12,'Jan-2026 rates'!$L:$R,5,0),IF($LB12=30%,VLOOKUP($L12,'Jan-2026 rates'!$L:$R,6,0),IF($LB12=100%,VLOOKUP($L12,'Jan-2026 rates'!$L:$R,7,0),IF($LB12=60%,VLOOKUP($L12,'Jan-2026 rates'!$L:$S,8,0),IF($LB12=80%,VLOOKUP($L12,'Jan-2026 rates'!L:T,9,0),0)))))))) -> 0 | Q12: =IF(P12=0,0,IF($LB12=70%,VLOOKUP($L12,'Jan-2026 rates'!$L:$R,4,0),IF($LB12=65%,VLOOKUP($L12,'Jan-2026 rates'!$L:$R,4,0),IF($LB12=40%,VLOOKUP($L12,'Jan-2026 rates'!$L:$R,5,0),IF($LB12=30%,VLOOKUP($L12,'Jan-2026 rates'!$L:$R,6,0),IF($LB12=100%,VLOOKUP($L12,'Jan-2026 rates'!$L:$R,7,0),IF($LB12=60%,VLOOKUP($L12,'Jan-2026 rates'!$L:$S,8,0),IF($LB12=80%,VLOOKUP($L12,'Jan-2026 rates'!L:T,9,0),0)))))))) -> 0 | R12: R92 | Z12: 1 | AA12: =IF(Z12=0,0,IF(LEN(R12)=11,_xlfn.XLOOKUP(R12,'Dispensed Ink Rates'!C:C,'Dispensed Ink Rates'!CS:CS),VLOOKUP(R12,'Jan-2026 rates'!$E:$F,2,0))) -> 0 | AC12: =IF(AB12=0,0,IF(LEN(S12)=11,_xlfn.XLOOKUP(S12,'Dispensed Ink Rates'!C:C,'Dispensed Ink Rates'!CS:CS),VLOOKUP(S12,'Jan-2026 rates'!$E:$F,2,0))) -> 0 | AE12: =IF(AD12=0,0,IF(LEN(T12)=11,_xlfn.XLOOKUP(T12,'Dispensed Ink Rates'!C:C,'Dispensed Ink Rates'!CS:CS),VLOOKUP(T12,'Jan-2026 rates'!$E:$F,2,0))) -> 0 | AG12: =IF(AF12=0,0,IF(LEN(U12)=11,_xlfn.XLOOKUP(U12,'Dispensed Ink Rates'!C:C,'Dispensed Ink Rates'!CS:CS),VLOOKUP(U12,'Jan-2026 rates'!$E:$F,2,0))) -> 0 | AI12: =IF(AH12=0,0,IF(LEN(V12)=11,_xlfn.XLOOKUP(V12,'Dispensed Ink Rates'!C:C,'Dispensed Ink Rates'!CS:CS),VLOOKUP(V12,'Jan-2026 rates'!$E:$F,2,0))) -> 0 | AK12: =IF(AJ12=0,0,IF(LEN(W12)=11,_xlfn.XLOOKUP(W12,'Dispensed Ink Rates'!C:C,'Dispensed Ink Rates'!CS:CS),VLOOKUP(W12,'Jan-2026 rates'!$E:$F,2,0))) -> 0 | AM12: =IF(AL12=0,0,IF(LEN(X12)=11,_xlfn.XLOOKUP(X12,'Dispensed Ink Rates'!C:C,'Dispensed Ink Rates'!CS:CS),VLOOKUP(X12,'Jan-2026 rates'!$E:$F,2,0))) -> 0 | AO12: =IF(AN12=0,0,IF(LEN(Y12)=11,_xlfn.XLOOKUP(Y12,'Dispensed Ink Rates'!C:C,'Dispensed Ink Rates'!CS:CS),VLOOKUP(Y12,'Jan-2026 rates'!$E:$F,2,0))) -> 0 | AP12: ToyoLi | AQ12: 28 | AR12: =IFERROR(IF(AS12<=0,0,(M12*N12+P12*Q12+Z12*AA12+AB12*AC12+AD12*AE12+AF12*AG12+AH12*AI12+AJ12*AK12+AL12*AM12+AN12*AO12+(KT12/SUM(KT12:LA12)*LL12)*LX12)/(M12+P12+Z12+AB12+AD12+AF12+AH12+AJ12+AL12+AN12+(KT12/SUM(KT12:LA12)*LL12))),0) -> 0 | AS12: =IFERROR((M12+P12+Z12+AB12+AD12+AF12+AH12+AJ12+AL12+AN12+(KT12/SUM(KT12:LA12)*LL12)-AQ12),0) -> 2 | AT12: =IFERROR(IF(AS12<=0,0,(M12*N12+P12*Q12+Z12*AA12+AB12*AC12+AD12*AE12+AF12*AG12+AH12*AI12+AJ12*AK12+AL12*AM12+AN12*AO12-AQ12*AR12+(KT12/SUM(KT12:LA12)*LL12)*LX12)),0) -> 0 | AU12: REFLEX BLUE | AV12: J00933P | AW12: =CONCATENATE(CA12," - ",AU12) -> ToyoLi - REFLEX BLUE | AX12: 15 | AY12: =IF(AX12=0,0,IF($LB12=70%,VLOOKUP($AW12,'Jan-2026 rates'!$L:$R,4,0),IF($LB12=65%,VLOOKUP($AW12,'Jan-2026 rates'!$L:$R,4,0),IF($LB12=40%,VLOOKUP($AW12,'Jan-2026 rates'!$L:$R,5,0),IF($LB12=30%,VLOOKUP($AW12,'Jan-2026 rates'!$L:$R,6,0),IF($LB12=100%,VLOOKUP($AW12,'Jan-2026 rates'!$L:$R,7,0),IF($LB12=60%,VLOOKUP($AW12,'Jan-2026 rates'!$L:$S,8,0),IF($LB12=80%,VLOOKUP($AW12,'Jan-2026 rates'!L:T,9,0),0)))))))) -> 0 | AZ12: H01361P | BA12: 14 | BB12: =IF(BA12=0,0,IF($LB12=70%,VLOOKUP($AW12,'Jan-2026 rates'!$L:$R,4,0),IF($LB12=65%,VLOOKUP($AW12,'Jan-2026 rates'!$L:$R,4,0),IF($LB12=40%,VLOOKUP($AW12,'Jan-2026 rates'!$L:$R,5,0),IF($LB12=30%,VLOOKUP($AW12,'Jan-2026 rates'!$L:$R,6,0),IF($LB12=100%,VLOOKUP($AW12,'Jan-2026 rates'!$L:$R,7,0),IF($LB12=60%,VLOOKUP($AW12,'Jan-2026 rates'!$L:$S,8,0),IF($LB12=80%,VLOOKUP($AW12,'Jan-2026 rates'!L:T,9,0),0)))))))) -> 0 | BC12: R1205 | BD12: Z822 | BK12: 2 | BL12: =IF(BK12=0,0,IF(LEN(BC12)=11,_xlfn.XLOOKUP(BC12,'Dispensed Ink Rates'!C:C,'Dispensed Ink Rates'!CS:CS),VLOOKUP(BC12,'Jan-2026 rates'!$E:$F,2,0))) -> 0 | BM12: 5 | BN12: =IF(BM12=0,0,IF(LEN(BD12)=11,_xlfn.XLOOKUP(BD12,'Dispensed Ink Rates'!C:C,'Dispensed Ink Rates'!CS:CS),VLOOKUP(BD12,'Jan-2026 rates'!$E:$F,2,0))) -> 0 | BP12: =IF(BO12=0,0,IF(LEN(BE12)=11,_xlfn.XLOOKUP(BE12,'Dispensed Ink Rates'!C:C,'Dispensed Ink Rates'!CS:CS),VLOOKUP(BE12,'Jan-2026 rates'!$E:$F,2,0))) -> 0 | BR12: =IF(BQ12=0,0,IF(LEN(BF12)=11,_xlfn.XLOOKUP(BF12,'Dispensed Ink Rates'!C:C,'Dispensed Ink Rates'!CS:CS),VLOOKUP(BF12,'Jan-2026 rates'!$E:$F,2,0))) -> 0 | BT12: =IF(BS12=0,0,IF(LEN(BG12)=11,_xlfn.XLOOKUP(BG12,'Dispensed Ink Rates'!C:C,'Dispensed Ink Rates'!CS:CS),VLOOKUP(BG12,'Jan-2026 rates'!$E:$F,2,0))) -> 0 | BV12: =IF(BU12=0,0,IF(LEN(BH12)=11,_xlfn.XLOOKUP(BH12,'Dispensed Ink Rates'!C:C,'Dispensed Ink Rates'!CS:CS),VLOOKUP(BH12,'Jan-2026 rates'!$E:$F,2,0))) -> 0 | BX12: =IF(BW12=0,0,IF(LEN(BI12)=11,_xlfn.XLOOKUP(BI12,'Dispensed Ink Rates'!C:C,'Dispensed Ink Rates'!CS:CS),VLOOKUP(BI12,'Jan-2026 rates'!$E:$F,2,0))) -> 0 | BZ12: =IF(BY12=0,0,IF(LEN(BJ12)=11,_xlfn.XLOOKUP(BJ12,'Dispensed Ink Rates'!C:C,'Dispensed Ink Rates'!CS:CS),VLOOKUP(BJ12,'Jan-2026 rates'!$E:$F,2,0))) -> 0 | CA12: ToyoLi | CB12: 22 | CC12: =IFERROR(IF(CD12<=0,0,(AX12*AY12+BA12*BB12+BK12*BL12+BM12*BN12+BO12*BP12+BQ12*BR12+BS12*BT12+BU12*BV12+BW12*BX12+BY12*BZ12+(KU12/SUM(KT12:LA12)*LL12)*LX12)/(AX12+BA12+BK12+BM12+BO12+BQ12+BS12+BU12+BW12+BY12+(KU12/SUM(KT12:LA12)*LL12))),0) -> 0 | CD12: =IFERROR((AX12+BA12+BK12+BM12+BO12+BQ12+BS12+BU12+BW12+BY12+(KU12/SUM(KT12:LA12)*LL12)-CB12),0) -> 21.309091 | CE12: =IFERROR(IF(CD12<=0,0,(AX12*AY12+BA12*BB12+BK12*BL12+BM12*BN12+BO12*BP12+BQ12*BR12+BS12*BT12+BU12*BV12+BW12*BX12+BY12*BZ12-CB12*CC12+(KU12/SUM(KT12:LA12)*LL12)*LX12)),0) -> 0 | CF12: RED | CG12: H01300R | CH12: =CONCATENATE(DL12," - ",CF12) -> ToyoLi - RED | CI12: =15+16 -> 31 | CJ12: =IF(CI12=0,0,IF($LB12=70%,VLOOKUP($CH12,'Jan-2026 rates'!$L:$R,4,0),IF($LB12=65%,VLOOKUP($CH12,'Jan-2026 rates'!$L:$R,4,0),IF($LB12=40%,VLOOKUP($CH12,'Jan-2026 rates'!$L:$R,5,0),IF($LB12=30%,VLOOKUP($CH12,'Jan-2026 rates'!$L:$R,6,0),IF($LB12=100%,VLOOKUP($CH12,'Jan-2026 rates'!$L:$R,7,0),IF($LB12=60%,VLOOKUP($CH12,'Jan-2026 rates'!$L:$S,8,0),IF($LB12=80%,VLOOKUP($CH12,'Jan-2026 rates'!L:T,9,0),0)))))))) -> 0 | CM12: =IF(CL12=0,0,IF($LB12=70%,VLOOKUP($CH12,'Jan-2026 rates'!$L:$R,4,0),IF($LB12=65%,VLOOKUP($CH12,'Jan-2026 rates'!$L:$R,4,0),IF($LB12=40%,VLOOKUP($CH12,'Jan-2026 rates'!$L:$R,5,0),IF($LB12=30%,VLOOKUP($CH12,'Jan-2026 rates'!$L:$R,6,0),IF($LB12=100%,VLOOKUP($CH12,'Jan-2026 rates'!$L:$R,7,0),IF($LB12=60%,VLOOKUP($CH12,'Jan-2026 rates'!$L:$S,8,0),IF($LB12=80%,VLOOKUP($CH12,'Jan-2026 rates'!L:T,9,0),0)))))))) -> 0 | CN12: F53 | CV12: 3 | CW12: =IF(CV12=0,0,IF(LEN(CN12)=11,_xlfn.XLOOKUP(CN12,'Dispensed Ink Rates'!C:C,'Dispensed Ink Rates'!CS:CS),VLOOKUP(CN12,'Jan-2026 rates'!$E:$F,2,0))) -> 0 | CY12: =IF(CX12=0,0,IF(LEN(CO12)=11,_xlfn.XLOOKUP(CO12,'Dispensed Ink Rates'!C:C,'Dispensed Ink Rates'!CS:CS),VLOOKUP(CO12,'Jan-2026 rates'!$E:$F,2,0))) -> 0 | DA12: =IF(CZ12=0,0,IF(LEN(CP12)=11,_xlfn.XLOOKUP(CP12,'Dispensed Ink Rates'!C:C,'Dispensed Ink Rates'!CS:CS),VLOOKUP(CP12,'Jan-2026 rates'!$E:$F,2,0))) -> 0 | DC12: =IF(DB12=0,0,IF(LEN(CQ12)=11,_xlfn.XLOOKUP(CQ12,'Dispensed Ink Rates'!C:C,'Dispensed Ink Rates'!CS:CS),VLOOKUP(CQ12,'Jan-2026 rates'!$E:$F,2,0))) -> 0 | DE12: =IF(DD12=0,0,IF(LEN(CR12)=11,_xlfn.XLOOKUP(CR12,'Dispensed Ink Rates'!C:C,'Dispensed Ink Rates'!CS:CS),VLOOKUP(CR12,'Jan-2026 rates'!$E:$F,2,0))) -> 0 | DG12: =IF(DF12=0,0,IF(LEN(CS12)=11,_xlfn.XLOOKUP(CS12,'Dispensed Ink Rates'!C:C,'Dispensed Ink Rates'!CS:CS),VLOOKUP(CS12,'Jan-2026 rates'!$E:$F,2,0))) -> 0 | DI12: =IF(DH12=0,0,IF(LEN(CT12)=11,_xlfn.XLOOKUP(CT12,'Dispensed Ink Rates'!C:C,'Dispensed Ink Rates'!CS:CS),VLOOKUP(CT12,'Jan-2026 rates'!$E:$F,2,0))) -> 0 | DK12: =IF(DJ12=0,0,IF(LEN(CU12)=11,_xlfn.XLOOKUP(CU12,'Dispensed Ink Rates'!C:C,'Dispensed Ink Rates'!CS:CS),VLOOKUP(CU12,'Jan-2026 rates'!$E:$F,2,0))) -> 0 | DL12: ToyoLi | DM12: 30 | DN12: =IFERROR(IF(DO12<=0,0,(CI12*CJ12+CL12*CM12+CV12*CW12+CX12*CY12+CZ12*DA12+DB12*DC12+DD12*DE12+DF12*DG12+DH12*DI12+DJ12*DK12+(KV12/SUM(KT12:LA12)*LL12)*LX12)/(CI12+CL12+CV12+CX12+CZ12+DB12+DD12+DF12+DH12+DJ12+(KV12/SUM(KT12:LA12)*LL12))),0) -> 0 | DO12: =IFERROR((CI12+CL12+CV12+CX12+CZ12+DB12+DD12+DF12+DH12+DJ12+(KV12/SUM(KT12:LA12)*LL12)-DM12),0) -> 4 | DP12: =IFERROR(IF(DO12<=0,0,(CI12*CJ12+CL12*CM12+CV12*CW12+CX12*CY12+CZ12*DA12+DB12*DC12+DD12*DE12+DF12*DG12+DH12*DI12+DJ12*DK12-DM12*DN12+(KV12/SUM(KT12:LA12)*LL12)*LX12)),0) -> 0 | DQ12: CYAN | DR12: F00846C | DS12: =CONCATENATE(EW12," - ",DQ12) -> ToyoLi - CYAN | DT12: 16 | DU12: =IF(DT12=0,0,IF($LB12=70%,VLOOKUP($DS12,'Jan-2026 rates'!$L:$R,4,0),IF($LB12=65%,VLOOKUP($DS12,'Jan-2026 rates'!$L:$R,4,0),IF($LB12=40%,VLOOKUP($DS12,'Jan-2026 rates'!$L:$R,5,0),IF($LB12=30%,VLOOKUP($DS12,'Jan-2026 rates'!$L:$R,6,0),IF($LB12=100%,VLOOKUP($DS12,'Jan-2026 rates'!$L:$R,7,0),IF($LB12=60%,VLOOKUP($DS12,'Jan-2026 rates'!$L:$S,8,0),IF($LB12=80%,VLOOKUP($DS12,'Jan-2026 rates'!L:T,9,0),0)))))))) -> 0 | DX12: =IF(DW12=0,0,IF($LB12=70%,VLOOKUP($DS12,'Jan-2026 rates'!$L:$R,4,0),IF($LB12=65%,VLOOKUP($DS12,'Jan-2026 rates'!$L:$R,4,0),IF($LB12=40%,VLOOKUP($DS12,'Jan-2026 rates'!$L:$R,5,0),IF($LB12=30%,VLOOKUP($DS12,'Jan-2026 rates'!$L:$R,6,0),IF($LB12=100%,VLOOKUP($DS12,'Jan-2026 rates'!$L:$R,7,0),IF($LB12=60%,VLOOKUP($DS12,'Jan-2026 rates'!$L:$S,8,0),IF($LB12=80%,VLOOKUP($DS12,'Jan-2026 rates'!L:T,9,0),0)))))))) -> 0 | DY12: R39 | EG12: 10 | EH12: =IF(EG12=0,0,IF(LEN(DY12)=11,_xlfn.XLOOKUP(DY12,'Dispensed Ink Rates'!C:C,'Dispensed Ink Rates'!CS:CS),VLOOKUP(DY12,'Jan-2026 rates'!$E:$F,2,0))) -> 0 | EJ12: =IF(EI12=0,0,IF(LEN(DZ12)=11,_xlfn.XLOOKUP(DZ12,'Dispensed Ink Rates'!C:C,'Dispensed Ink Rates'!CS:CS),VLOOKUP(DZ12,'Jan-2026 rates'!$E:$F,2,0))) -> 0 | EL12: =IF(EK12=0,0,IF(LEN(EA12)=11,_xlfn.XLOOKUP(EA12,'Dispensed Ink Rates'!C:C,'Dispensed Ink Rates'!CS:CS),VLOOKUP(EA12,'Jan-2026 rates'!$E:$F,2,0))) -> 0 | EN12: =IF(EM12=0,0,IF(LEN(EB12)=11,_xlfn.XLOOKUP(EB12,'Dispensed Ink Rates'!C:C,'Dispensed Ink Rates'!CS:CS),VLOOKUP(EB12,'Jan-2026 rates'!$E:$F,2,0))) -> 0 | EP12: =IF(EO12=0,0,IF(LEN(EC12)=11,_xlfn.XLOOKUP(EC12,'Dispensed Ink Rates'!C:C,'Dispensed Ink Rates'!CS:CS),VLOOKUP(EC12,'Jan-2026 rates'!$E:$F,2,0))) -> 0 | ER12: =IF(EQ12=0,0,IF(LEN(ED12)=11,_xlfn.XLOOKUP(ED12,'Dispensed Ink Rates'!C:C,'Dispensed Ink Rates'!CS:CS),VLOOKUP(ED12,'Jan-2026 rates'!$E:$F,2,0))) -> 0 | ET12: =IF(ES12=0,0,IF(LEN(EE12)=11,_xlfn.XLOOKUP(EE12,'Dispensed Ink Rates'!C:C,'Dispensed Ink Rates'!CS:CS),VLOOKUP(EE12,'Jan-2026 rates'!$E:$F,2,0))) -> 0 | EV12: =IF(EU12=0,0,IF(LEN(EF12)=11,_xlfn.XLOOKUP(EF12,'Dispensed Ink Rates'!C:C,'Dispensed Ink Rates'!CS:CS),VLOOKUP(EF12,'Jan-2026 rates'!$E:$F,2,0))) -> 0 | EW12: ToyoLi | EX12: 25 | EY12: =IFERROR(IF(EZ12<=0,0,(DT12*DU12+DW12*DX12+EG12*EH12+EI12*EJ12+EK12*EL12+EM12*EN12+EO12*EP12+EQ12*ER12+ES12*ET12+EU12*EV12+(KW12/SUM(KT12:LA12)*LL12)*LX12)/(DT12+DW12+EG12+EI12+EK12+EM12+EO12+EQ12+ES12+EU12+(KW12/SUM(KT12:LA12)*LL12))),0) -> 0 | EZ12: =IFERROR((DT12+DW12+EG12+EI12+EK12+EM12+EO12+EQ12+ES12+EU12+(KW12/SUM(KT12:LA12)*LL12)-EX12),0) -> 13.181818 | FA12: =IFERROR(IF(EZ12<=0,0,(DT12*DU12+DW12*DX12+EG12*EH12+EI12*EJ12+EK12*EL12+EM12*EN12+EO12*EP12+EQ12*ER12+ES12*ET12+EU12*EV12-EX12*EY12+(KW12/SUM(KT12:LA12)*LL12)*LX12)),0) -> 0 | FB12: MAGENTA | FC12: N00706M | FD12: =CONCATENATE(GH12," - ",FB12) -> ToyoLi - MAGENTA | FE12: 28 | FF12: =IF(FE12=0,0,IF($LB12=70%,VLOOKUP($FD12,'Jan-2026 rates'!$L:$R,4,0),IF($LB12=65%,VLOOKUP($FD12,'Jan-2026 rates'!$L:$R,4,0),IF($LB12=40%,VLOOKUP($FD12,'Jan-2026 rates'!$L:$R,5,0),IF($LB12=30%,VLOOKUP($FD12,'Jan-2026 rates'!$L:$R,6,0),IF($LB12=100%,VLOOKUP($FD12,'Jan-2026 rates'!$L:$R,7,0),IF($LB12=60%,VLOOKUP($FD12,'Jan-2026 rates'!$L:$S,8,0),IF($LB12=80%,VLOOKUP($FD12,'Jan-2026 rates'!L:T,9,0),0)))))))) -> 0 | FI12: =IF(FH12=0,0,IF($LB12=70%,VLOOKUP($FD12,'Jan-2026 rates'!$L:$R,4,0),IF($LB12=65%,VLOOKUP($FD12,'Jan-2026 rates'!$L:$R,4,0),IF($LB12=40%,VLOOKUP($FD12,'Jan-2026 rates'!$L:$R,5,0),IF($LB12=30%,VLOOKUP($FD12,'Jan-2026 rates'!$L:$R,6,0),IF($LB12=100%,VLOOKUP($FD12,'Jan-2026 rates'!$L:$R,7,0),IF($LB12=60%,VLOOKUP($FD12,'Jan-2026 rates'!$L:$S,8,0),IF($LB12=80%,VLOOKUP($FD12,'Jan-2026 rates'!L:T,9,0),0)))))))) -> 0 | FJ12: F121 | FR12: 2 | FS12: =IF(FR12=0,0,IF(LEN(FJ12)=11,_xlfn.XLOOKUP(FJ12,'Dispensed Ink Rates'!C:C,'Dispensed Ink Rates'!CS:CS),VLOOKUP(FJ12,'Jan-2026 rates'!$E:$F,2,0))) -> 0 | FU12: =IF(FT12=0,0,IF(LEN(FK12)=11,_xlfn.XLOOKUP(FK12,'Dispensed Ink Rates'!C:C,'Dispensed Ink Rates'!CS:CS),VLOOKUP(FK12,'Jan-2026 rates'!$E:$F,2,0))) -> 0 | FW12: =IF(FV12=0,0,IF(LEN(FL12)=11,_xlfn.XLOOKUP(FL12,'Dispensed Ink Rates'!C:C,'Dispensed Ink Rates'!CS:CS),VLOOKUP(FL12,'Jan-2026 rates'!$E:$F,2,0))) -> 0 | FY12: =IF(FX12=0,0,IF(LEN(FM12)=11,_xlfn.XLOOKUP(FM12,'Dispensed Ink Rates'!C:C,'Dispensed Ink Rates'!CS:CS),VLOOKUP(FM12,'Jan-2026 rates'!$E:$F,2,0))) -> 0 | GA12: =IF(FZ12=0,0,IF(LEN(FN12)=11,_xlfn.XLOOKUP(FN12,'Dispensed Ink Rates'!C:C,'Dispensed Ink Rates'!CS:CS),VLOOKUP(FN12,'Jan-2026 rates'!$E:$F,2,0))) -> 0 | GC12: =IF(GB12=0,0,IF(LEN(FO12)=11,_xlfn.XLOOKUP(FO12,'Dispensed Ink Rates'!C:C,'Dispensed Ink Rates'!CS:CS),VLOOKUP(FO12,'Jan-2026 rates'!$E:$F,2,0))) -> 0 | GE12: =IF(GD12=0,0,IF(LEN(FP12)=11,_xlfn.XLOOKUP(FP12,'Dispensed Ink Rates'!C:C,'Dispensed Ink Rates'!CS:CS),VLOOKUP(FP12,'Jan-2026 rates'!$E:$F,2,0))) -> 0 | GG12: =IF(GF12=0,0,IF(LEN(FQ12)=11,_xlfn.XLOOKUP(FQ12,'Dispensed Ink Rates'!C:C,'Dispensed Ink Rates'!CS:CS),VLOOKUP(FQ12,'Jan-2026 rates'!$E:$F,2,0))) -> 0 | GH12: ToyoLi | GI12: 27 | GJ12: =IFERROR(IF(GK12<=0,0,(FE12*FF12+FH12*FI12+FR12*FS12+FT12*FU12+FV12*FW12+FX12*FY12+FZ12*GA12+GB12*GC12+GD12*GE12+GF12*GG12+(KX12/SUM(KT12:LA12)*LL12)*LX12)/(FE12+FH12+FR12+FT12+FV12+FX12+FZ12+GB12+GD12+GF12+(KX12/SUM(KT12:LA12)*LL12))),0) -> 0 | GK12: =IFERROR((FE12+FH12+FR12+FT12+FV12+FX12+FZ12+GB12+GD12+GF12+(KX12/SUM(KT12:LA12)*LL12)-GI12),0) -> 3 | GL12: =IFERROR(IF(GK12<=0,0,(FE12*FF12+FH12*FI12+FR12*FS12+FT12*FU12+FV12*FW12+FX12*FY12+FZ12*GA12+GB12*GC12+GD12*GE12+GF12*GG12-GI12*GJ12+(KX12/SUM(KT12:LA12)*LL12)*LX12)),0) -> 0 | GM12: YELLOW | GN12: N00706Y | GO12: =CONCATENATE(HS12," - ",GM12) -> ToyoLi - YELLOW | GP12: 25 | GQ12: =IF(GP12=0,0,IF($LB12=70%,VLOOKUP($GO12,'Jan-2026 rates'!$L:$R,4,0),IF($LB12=65%,VLOOKUP($GO12,'Jan-2026 rates'!$L:$R,4,0),IF($LB12=40%,VLOOKUP($GO12,'Jan-2026 rates'!$L:$R,5,0),IF($LB12=30%,VLOOKUP($GO12,'Jan-2026 rates'!$L:$R,6,0),IF($LB12=100%,VLOOKUP($GO12,'Jan-2026 rates'!$L:$R,7,0),IF($LB12=60%,VLOOKUP($GO12,'Jan-2026 rates'!$L:$S,8,0),IF($LB12=80%,VLOOKUP($GO12,'Jan-2026 rates'!L:T,9,0),0)))))))) -> 0 | GT12: =IF(GS12=0,0,IF($LB12=70%,VLOOKUP($GO12,'Jan-2026 rates'!$L:$R,4,0),IF($LB12=65%,VLOOKUP($GO12,'Jan-2026 rates'!$L:$R,4,0),IF($LB12=40%,VLOOKUP($GO12,'Jan-2026 rates'!$L:$R,5,0),IF($LB12=30%,VLOOKUP($GO12,'Jan-2026 rates'!$L:$R,6,0),IF($LB12=100%,VLOOKUP($GO12,'Jan-2026 rates'!$L:$R,7,0),IF($LB12=60%,VLOOKUP($GO12,'Jan-2026 rates'!$L:$S,8,0),IF($LB12=80%,VLOOKUP($GO12,'Jan-2026 rates'!L:T,9,0),0)))))))) -> 0 | GU12: F23T | HC12: 5 | HD12: =IF(HC12=0,0,IF(LEN(GU12)=11,_xlfn.XLOOKUP(GU12,'Dispensed Ink Rates'!C:C,'Dispensed Ink Rates'!CS:CS),VLOOKUP(GU12,'Jan-2026 rates'!$E:$F,2,0))) -> 0 | HF12: =IF(HE12=0,0,IF(LEN(GV12)=11,_xlfn.XLOOKUP(GV12,'Dispensed Ink Rates'!C:C,'Dispensed Ink Rates'!CS:CS),VLOOKUP(GV12,'Jan-2026 rates'!$E:$F,2,0))) -> 0 | HH12: =IF(HG12=0,0,IF(LEN(GW12)=11,_xlfn.XLOOKUP(GW12,'Dispensed Ink Rates'!C:C,'Dispensed Ink Rates'!CS:CS),VLOOKUP(GW12,'Jan-2026 rates'!$E:$F,2,0))) -> 0 | HJ12: =IF(HI12=0,0,IF(LEN(GX12)=11,_xlfn.XLOOKUP(GX12,'Dispensed Ink Rates'!C:C,'Dispensed Ink Rates'!CS:CS),VLOOKUP(GX12,'Jan-2026 rates'!$E:$F,2,0))) -> 0 | HL12: =IF(HK12=0,0,IF(LEN(GY12)=11,_xlfn.XLOOKUP(GY12,'Dispensed Ink Rates'!C:C,'Dispensed Ink Rates'!CS:CS),VLOOKUP(GY12,'Jan-2026 rates'!$E:$F,2,0))) -> 0 | HN12: =IF(HM12=0,0,IF(LEN(GZ12)=11,_xlfn.XLOOKUP(GZ12,'Dispensed Ink Rates'!C:C,'Dispensed Ink Rates'!CS:CS),VLOOKUP(GZ12,'Jan-2026 rates'!$E:$F,2,0))) -> 0 | HP12: =IF(HO12=0,0,IF(LEN(HA12)=11,_xlfn.XLOOKUP(HA12,'Dispensed Ink Rates'!C:C,'Dispensed Ink Rates'!CS:CS),VLOOKUP(HA12,'Jan-2026 rates'!$E:$F,2,0))) -> 0 | HR12: =IF(HQ12=0,0,IF(LEN(HB12)=11,_xlfn.XLOOKUP(HB12,'Dispensed Ink Rates'!C:C,'Dispensed Ink Rates'!CS:CS),VLOOKUP(HB12,'Jan-2026 rates'!$E:$F,2,0))) -> 0 | HS12: ToyoLi | HT12: 26 | HU12: =IFERROR(IF(HV12<=0,0,(GP12*GQ12+GS12*GT12+HC12*HD12+HE12*HF12+HG12*HH12+HI12*HJ12+HK12*HL12+HM12*HN12+HO12*HP12+HQ12*HR12+(KY12/SUM(KT12:LA12)*LL12)*LX12)/(GP12+GS12+HC12+HE12+HG12+HI12+HK12+HM12+HO12+HQ12+(KY12/SUM(KT12:LA12)*LL12))),0) -> 0 | HV12: =IFERROR((GP12+GS12+HC12+HE12+HG12+HI12+HK12+HM12+HO12+HQ12+(KY12/SUM(KT12:LA12)*LL12)-HT12),0) -> 8.8727273 | HW12: =IFERROR(IF(HV12<=0,0,(GP12*GQ12+GS12*GT12+HC12*HD12+HE12*HF12+HG12*HH12+HI12*HJ12+HK12*HL12+HM12*HN12+HO12*HP12+HQ12*HR12-HT12*HU12+(KY12/SUM(KT12:LA12)*LL12)*LX12)),0) -> 0 | HX12: WHITE | HY12: N00706W | HZ12: =CONCATENATE(JD12," - ",HX12) -> ToyoLi - WHITE | IA12: 28 | IB12: =IF(IA12=0,0,IF($LB12=70%,VLOOKUP($HZ12,'Jan-2026 rates'!$L:$R,4,0),IF($LB12=65%,VLOOKUP($HZ12,'Jan-2026 rates'!$L:$R,4,0),IF($LB12=40%,VLOOKUP($HZ12,'Jan-2026 rates'!$L:$R,5,0),IF($LB12=30%,VLOOKUP($HZ12,'Jan-2026 rates'!$L:$R,6,0),IF($LB12=100%,VLOOKUP($HZ12,'Jan-2026 rates'!$L:$R,7,0),IF($LB12=60%,VLOOKUP($HZ12,'Jan-2026 rates'!$L:$S,8,0),IF($LB12=80%,VLOOKUP($HZ12,'Jan-2026 rates'!L:T,9,0),0)))))))) -> 0 | IE12: =IF(ID12=0,0,IF($LB12=70%,VLOOKUP($HZ12,'Jan-2026 rates'!$L:$R,4,0),IF($LB12=65%,VLOOKUP($HZ12,'Jan-2026 rates'!$L:$R,4,0),IF($LB12=40%,VLOOKUP($HZ12,'Jan-2026 rates'!$L:$R,5,0),IF($LB12=30%,VLOOKUP($HZ12,'Jan-2026 rates'!$L:$R,6,0),IF($LB12=100%,VLOOKUP($HZ12,'Jan-2026 rates'!$L:$R,7,0),IF($LB12=60%,VLOOKUP($HZ12,'Jan-2026 rates'!$L:$S,8,0),IF($LB12=80%,VLOOKUP($HZ12,'Jan-2026 rates'!L:T,9,0),0)))))))) -> 0 | IF12: F640 | IN12: 60 | IO12: =IF(IN12=0,0,IF(LEN(IF12)=11,_xlfn.XLOOKUP(IF12,'Dispensed Ink Rates'!C:C,'Dispensed Ink Rates'!CS:CS),VLOOKUP(IF12,'Jan-2026 rates'!$E:$F,2,0))) -> 0 | IQ12: =IF(IP12=0,0,IF(LEN(IG12)=11,_xlfn.XLOOKUP(IG12,'Dispensed Ink Rates'!C:C,'Dispensed Ink Rates'!CS:CS),VLOOKUP(IG12,'Jan-2026 rates'!$E:$F,2,0))) -> 0 | IS12: =IF(IR12=0,0,IF(LEN(IH12)=11,_xlfn.XLOOKUP(IH12,'Dispensed Ink Rates'!C:C,'Dispensed Ink Rates'!CS:CS),VLOOKUP(IH12,'Jan-2026 rates'!$E:$F,2,0))) -> 0 | IU12: =IF(IT12=0,0,IF(LEN(II12)=11,_xlfn.XLOOKUP(II12,'Dispensed Ink Rates'!C:C,'Dispensed Ink Rates'!CS:CS),VLOOKUP(II12,'Jan-2026 rates'!$E:$F,2,0))) -> 0 | IW12: =IF(IV12=0,0,IF(LEN(IJ12)=11,_xlfn.XLOOKUP(IJ12,'Dispensed Ink Rates'!C:C,'Dispensed Ink Rates'!CS:CS),VLOOKUP(IJ12,'Jan-2026 rates'!$E:$F,2,0))) -> 0 | IY12: =IF(IX12=0,0,IF(LEN(IK12)=11,_xlfn.XLOOKUP(IK12,'Dispensed Ink Rates'!C:C,'Dispensed Ink Rates'!CS:CS),VLOOKUP(IK12,'Jan-2026 rates'!$E:$F,2,0))) -> 0 | JA12: =IF(IZ12=0,0,IF(LEN(IL12)=11,_xlfn.XLOOKUP(IL12,'Dispensed Ink Rates'!C:C,'Dispensed Ink Rates'!CS:CS),VLOOKUP(IL12,'Jan-2026 rates'!$E:$F,2,0))) -> 0 | JC12: =IF(JB12=0,0,IF(LEN(IM12)=11,_xlfn.XLOOKUP(IM12,'Dispensed Ink Rates'!C:C,'Dispensed Ink Rates'!CS:CS),VLOOKUP(IM12,'Jan-2026 rates'!$E:$F,2,0))) -> 0 | JD12: ToyoLi | JE12: 30 | JF12: =IFERROR(IF(JG12<=0,0,(IA12*IB12+ID12*IE12+IN12*IO12+IP12*IQ12+IR12*IS12+IT12*IU12+IV12*IW12+IX12*IY12+IZ12*JA12+JB12*JC12+(KZ12/SUM(KT12:LA12)*LL12)*LX12)/(IA12+ID12+IN12+IP12+IR12+IT12+IV12+IX12+IZ12+JB12+(KZ12/SUM(KT12:LA12)*LL12))),0) -> 0 | JG12: =IFERROR((IA12+ID12+IN12+IP12+IR12+IT12+IV12+IX12+IZ12+JB12+(KZ12/SUM(KT12:LA12)*LL12)-JE12),0) -> 131.09091 | JH12: =IFERROR(IF(JG12<=0,0,(IA12*IB12+ID12*IE12+IN12*IO12+IP12*IQ12+IR12*IS12+IT12*IU12+IV12*IW12+IX12*IY12+IZ12*JA12+JB12*JC12-JE12*JF12+(KZ12/SUM(KT12:LA12)*LL12)*LX12)),0) -> 0 | JI12: MATT | JK12: =CONCATENATE(KO12," - ",JI12) -> HI-TECH INK - MATT | JM12: =IF(JL12=0,0,IF($LB12=70%,VLOOKUP($JK12,'Jan-2026 rates'!$L:$R,4,0),IF($LB12=65%,VLOOKUP($JK12,'Jan-2026 rates'!$L:$R,4,0),IF($LB12=40%,VLOOKUP($JK12,'Jan-2026 rates'!$L:$R,5,0),IF($LB12=30%,VLOOKUP($JK12,'Jan-2026 rates'!$L:$R,6,0),IF($LB12=100%,VLOOKUP($JK12,'Jan-2026 rates'!$L:$R,7,0),IF($LB12=60%,VLOOKUP($JK12,'Jan-2026 rates'!$L:$S,8,0),IF($LB12=80%,VLOOKUP($JK12,'Jan-2026 rates'!L:T,9,0),0)))))))) -> 0 | JP12: =IF(JO12=0,0,IF($LB12=70%,VLOOKUP($JK12,'Jan-2026 rates'!$L:$R,4,0),IF($LB12=65%,VLOOKUP($JK12,'Jan-2026 rates'!$L:$R,4,0),IF($LB12=40%,VLOOKUP($JK12,'Jan-2026 rates'!$L:$R,5,0),IF($LB12=30%,VLOOKUP($JK12,'Jan-2026 rates'!$L:$R,6,0),IF($LB12=100%,VLOOKUP($JK12,'Jan-2026 rates'!$L:$R,7,0),IF($LB12=60%,VLOOKUP($JK12,'Jan-2026 rates'!$L:$S,8,0),IF($LB12=80%,VLOOKUP($JK12,'Jan-2026 rates'!L:T,9,0),0)))))))) -> 0 | JQ12: 2066 | JY12: 40 | JZ12: =IF(JY12=0,0,IF(LEN(JQ12)=11,_xlfn.XLOOKUP(JQ12,'Dispensed Ink Rates'!C:C,'Dispensed Ink Rates'!CS:CS),VLOOKUP(JQ12,'Jan-2026 rates'!$E:$F,2,0))) -> 0 | KB12: =IF(KA12=0,0,IF(LEN(JR12)=11,_xlfn.XLOOKUP(JR12,'Dispensed Ink Rates'!C:C,'Dispensed Ink Rates'!CS:CS),VLOOKUP(JR12,'Jan-2026 rates'!$E:$F,2,0))) -> 0 | KD12: =IF(KC12=0,0,IF(LEN(JS12)=11,_xlfn.XLOOKUP(JS12,'Dispensed Ink Rates'!C:C,'Dispensed Ink Rates'!CS:CS),VLOOKUP(JS12,'Jan-2026 rates'!$E:$F,2,0))) -> 0 | KF12: =IF(KE12=0,0,IF(LEN(JT12)=11,_xlfn.XLOOKUP(JT12,'Dispensed Ink Rates'!C:C,'Dispensed Ink Rates'!CS:CS),VLOOKUP(JT12,'Jan-2026 rates'!$E:$F,2,0))) -> 0 | KH12: =IF(KG12=0,0,IF(LEN(JU12)=11,_xlfn.XLOOKUP(JU12,'Dispensed Ink Rates'!C:C,'Dispensed Ink Rates'!CS:CS),VLOOKUP(JU12,'Jan-2026 rates'!$E:$F,2,0))) -> 0 | KJ12: =IF(KI12=0,0,IF(LEN(JV12)=11,_xlfn.XLOOKUP(JV12,'Dispensed Ink Rates'!C:C,'Dispensed Ink Rates'!CS:CS),VLOOKUP(JV12,'Jan-2026 rates'!$E:$F,2,0))) -> 0 | KL12: =IF(KK12=0,0,IF(LEN(JW12)=11,_xlfn.XLOOKUP(JW12,'Dispensed Ink Rates'!C:C,'Dispensed Ink Rates'!CS:CS),VLOOKUP(JW12,'Jan-2026 rates'!$E:$F,2,0))) -> 0 | KN12: =IF(KM12=0,0,IF(LEN(JX12)=11,_xlfn.XLOOKUP(JX12,'Dispensed Ink Rates'!C:C,'Dispensed Ink Rates'!CS:CS),VLOOKUP(JX12,'Jan-2026 rates'!$E:$F,2,0))) -> 0 | KO12: HI-TECH INK | KP12: 20 | KQ12: =IFERROR(IF(KR12<=0,0,(JL12*JM12+JO12*JP12+JY12*JZ12+KA12*KB12+KC12*KD12+KE12*KF12+KG12*KH12+KI12*KJ12+KK12*KL12+KM12*KN12+(LA12/SUM(KT12:LA12)*LL12)*LX12)/(JL12+JO12+JY12+KA12+KC12+KE12+KG12+KI12+KK12+KM12+(LA12/SUM(KT12:LA12)*LL12))),0) -> 0 | KR12: =IFERROR((JL12+JO12+JY12+KA12+KC12+KE12+KG12+KI12+KK12+KM12+(LA12/SUM(KT12:LA12)*LL12)-KP12),0) -> 56.545455 | KS12: =IFERROR(IF(KR12<=0,0,(JL12*JM12+JO12*JP12+JY12*JZ12+KA12*KB12+KC12*KD12+KE12*KF12+KG12*KH12+KI12*KJ12+KK12*KL12+KM12*KN12-KP12*KQ12+(LA12/SUM(KT12:LA12)*LL12)*LX12)),0) -> 0 | KT12: 0 | KU12: 3 | KV12: 0 | KW12: 5 | KX12: 0 | KY12: 2 | KZ12: 30 | LA12: 15 | LB12: 0.3 | LE12: 0.5 | LF12: 0.2 | LG12: 0 | LH12: =45+30+15+25+5+4+10 -> 134 | LI12: 0 | LJ12: 0 | LK12: =LG12+LH12+LI12-LJ12 -> 134 | LL12: =IF(LK12<=0,SUM(KT12:LA12),LK12) -> 134 | LM12: =IFERROR($LL12*LB12,0) -> 40.2 | LN12: =VLOOKUP($LM$8,'Jan-2026 rates'!$H:$I,2,0) -> 0 | LO12: =IFERROR(LL12*LC12,0) -> 0 | LP12: =VLOOKUP($LO$8,'Jan-2026 rates'!$H:$I,2,0) -> 0 | LQ12: =IFERROR(LL12*LD12,0) -> 0 | LR12: =VLOOKUP($LQ$8,'Jan-2026 rates'!$H:$I,2,0) -> 0 | LS12: =IFERROR(LL12*LE12,0) -> 67 | LT12: =VLOOKUP($LS$8,'Jan-2026 rates'!$H:$I,2,0) -> 0 | LU12: =IFERROR(LL12*LF12,0) -> 26.8 | LV12: =VLOOKUP($LU$8,'Jan-2026 rates'!$H:$I,2,0) -> 0 | LW12: =(LM12*LN12+LO12*LP12+LQ12*LR12+LS12*LT12+LU12*LV12) -> 0 | LX12: =IFERROR(LW12/LL12,0) -> 0 | LY12: =AT12+CE12+DP12+FA12+GL12+HW12+JH12+KS12 -> 0 | MA12: =Z12+AB12+AD12+AF12+AH12+AJ12+AL12+AN12+BK12+BM12+BO12+BQ12+BS12+BU12+BW12+BY12+CV12+CX12+CZ12+DB12+DD12+DF12+DH12+DJ12+EG12+EI12+EK12+EM12+EO12+EQ12+ES12+EU12+FR12+FT12+FV12+FX12+FZ12+GB12+GD12+GF12+HC12+HE12+HG12+HI12+HK12+HM12+HO12+HQ12+IN12+IP12+IR12+IT12+IV12+IX12+IZ12+JB12+JY12+KA12+KC12+KE12+KG12+KI12+KK12+KM12 -> 128 | MB12: =AS12+CD12+DO12+EZ12+GK12+HV12+JG12+KR12 -> 240 | MC12: TL3 | MD12: =CONCATENATE(AP12,CA12,DL12,EW12,GH12,HS12,JD12,KO12) -> ToyoLiToyoLiToyoLiToyoLiToyoLiToyoLiToyoLiHI-TECH INK | ME12: =IF(AQ12<>"",IF(AS12>0,"+","-"),"NIL") -> + | MF12: =IF(CB12<>"",IF(CD12>0,"+","-"),"NIL") -> + | MG12: =IF(DM12<>"",IF(DO12>0,"+","-"),"NIL") -> + | MH12: =IF(EX12<>"",IF(EZ12>0,"+","-"),"NIL") -> + | MI12: =IF(GI12<>"",IF(GK12>0,"+","-"),"NIL") -> + | MJ12: =IF(HT12<>"",IF(HV12>0,"+","-"),"NIL") -> + | MK12: =IF(JE12<>"",IF(JG12>0,"+","-"),"NIL") -> + | ML12: =IF(KP12<>"",IF(KR12>0,"+","-"),"NIL") -> + | MM12: {=OR(ME12:ML12="-")} -> FALSE
A13: 46024 | B13: A | C13: R00010 | D13: TL4 | E13: 134 | F13: 7700 | G13: I | H13: N | I13: =2.1+0.8 -> 2.9 | J13: BLACK | K13: R00011B | L13: =CONCATENATE(AP13," - ",J13) -> ToyoLi - BLACK | M13: 28 | N13: =IF(M13=0,0,IF($LB13=70%,VLOOKUP($L13,'Jan-2026 rates'!$L:$R,4,0),IF($LB13=65%,VLOOKUP($L13,'Jan-2026 rates'!$L:$R,4,0),IF($LB13=40%,VLOOKUP($L13,'Jan-2026 rates'!$L:$R,5,0),IF($LB13=30%,VLOOKUP($L13,'Jan-2026 rates'!$L:$R,6,0),IF($LB13=100%,VLOOKUP($L13,'Jan-2026 rates'!$L:$R,7,0),IF($LB13=60%,VLOOKUP($L13,'Jan-2026 rates'!$L:$S,8,0),IF($LB13=80%,VLOOKUP($L13,'Jan-2026 rates'!L:T,9,0),0)))))))) -> 0 | Q13: =IF(P13=0,0,IF($LB13=70%,VLOOKUP($L13,'Jan-2026 rates'!$L:$R,4,0),IF($LB13=65%,VLOOKUP($L13,'Jan-2026 rates'!$L:$R,4,0),IF($LB13=40%,VLOOKUP($L13,'Jan-2026 rates'!$L:$R,5,0),IF($LB13=30%,VLOOKUP($L13,'Jan-2026 rates'!$L:$R,6,0),IF($LB13=100%,VLOOKUP($L13,'Jan-2026 rates'!$L:$R,7,0),IF($LB13=60%,VLOOKUP($L13,'Jan-2026 rates'!$L:$S,8,0),IF($LB13=80%,VLOOKUP($L13,'Jan-2026 rates'!L:T,9,0),0)))))))) -> 0 | R13: R92 | Z13: 5 | AA13: =IF(Z13=0,0,IF(LEN(R13)=11,_xlfn.XLOOKUP(R13,'Dispensed Ink Rates'!C:C,'Dispensed Ink Rates'!CS:CS),VLOOKUP(R13,'Jan-2026 rates'!$E:$F,2,0))) -> 0 | AC13: =IF(AB13=0,0,IF(LEN(S13)=11,_xlfn.XLOOKUP(S13,'Dispensed Ink Rates'!C:C,'Dispensed Ink Rates'!CS:CS),VLOOKUP(S13,'Jan-2026 rates'!$E:$F,2,0))) -> 0 | AE13: =IF(AD13=0,0,IF(LEN(T13)=11,_xlfn.XLOOKUP(T13,'Dispensed Ink Rates'!C:C,'Dispensed Ink Rates'!CS:CS),VLOOKUP(T13,'Jan-2026 rates'!$E:$F,2,0))) -> 0 | AG13: =IF(AF13=0,0,IF(LEN(U13)=11,_xlfn.XLOOKUP(U13,'Dispensed Ink Rates'!C:C,'Dispensed Ink Rates'!CS:CS),VLOOKUP(U13,'Jan-2026 rates'!$E:$F,2,0))) -> 0 | AI13: =IF(AH13=0,0,IF(LEN(V13)=11,_xlfn.XLOOKUP(V13,'Dispensed Ink Rates'!C:C,'Dispensed Ink Rates'!CS:CS),VLOOKUP(V13,'Jan-2026 rates'!$E:$F,2,0))) -> 0 | AK13: =IF(AJ13=0,0,IF(LEN(W13)=11,_xlfn.XLOOKUP(W13,'Dispensed Ink Rates'!C:C,'Dispensed Ink Rates'!CS:CS),VLOOKUP(W13,'Jan-2026 rates'!$E:$F,2,0))) -> 0 | AM13: =IF(AL13=0,0,IF(LEN(X13)=11,_xlfn.XLOOKUP(X13,'Dispensed Ink Rates'!C:C,'Dispensed Ink Rates'!CS:CS),VLOOKUP(X13,'Jan-2026 rates'!$E:$F,2,0))) -> 0 | AO13: =IF(AN13=0,0,IF(LEN(Y13)=11,_xlfn.XLOOKUP(Y13,'Dispensed Ink Rates'!C:C,'Dispensed Ink Rates'!CS:CS),VLOOKUP(Y13,'Jan-2026 rates'!$E:$F,2,0))) -> 0 | AP13: ToyoLi | AQ13: 30 | AR13: =IFERROR(IF(AS13<=0,0,(M13*N13+P13*Q13+Z13*AA13+AB13*AC13+AD13*AE13+AF13*AG13+AH13*AI13+AJ13*AK13+AL13*AM13+AN13*AO13+(KT13/SUM(KT13:LA13)*LL13)*LX13)/(M13+P13+Z13+AB13+AD13+AF13+AH13+AJ13+AL13+AN13+(KT13/SUM(KT13:LA13)*LL13))),0) -> 0 | AS13: =IFERROR((M13+P13+Z13+AB13+AD13+AF13+AH13+AJ13+AL13+AN13+(KT13/SUM(KT13:LA13)*LL13)-AQ13),0) -> 8.1538462 | AT13: =IFERROR(IF(AS13<=0,0,(M13*N13+P13*Q13+Z13*AA13+AB13*AC13+AD13*AE13+AF13*AG13+AH13*AI13+AJ13*AK13+AL13*AM13+AN13*AO13-AQ13*AR13+(KT13/SUM(KT13:LA13)*LL13)*LX13)),0) -> 0 | AU13: REFLEX BLUE | AV13: R00011B | AW13: =CONCATENATE(CA13," - ",AU13) -> ToyoLi - REFLEX BLUE | AX13: 22 | AY13: =IF(AX13=0,0,IF($LB13=70%,VLOOKUP($AW13,'Jan-2026 rates'!$L:$R,4,0),IF($LB13=65%,VLOOKUP($AW13,'Jan-2026 rates'!$L:$R,4,0),IF($LB13=40%,VLOOKUP($AW13,'Jan-2026 rates'!$L:$R,5,0),IF($LB13=30%,VLOOKUP($AW13,'Jan-2026 rates'!$L:$R,6,0),IF($LB13=100%,VLOOKUP($AW13,'Jan-2026 rates'!$L:$R,7,0),IF($LB13=60%,VLOOKUP($AW13,'Jan-2026 rates'!$L:$S,8,0),IF($LB13=80%,VLOOKUP($AW13,'Jan-2026 rates'!L:T,9,0),0)))))))) -> 0 | AZ13: N00913B | BA13: 14 | BB13: =IF(BA13=0,0,IF($LB13=70%,VLOOKUP($AW13,'Jan-2026 rates'!$L:$R,4,0),IF($LB13=65%,VLOOKUP($AW13,'Jan-2026 rates'!$L:$R,4,0),IF($LB13=40%,VLOOKUP($AW13,'Jan-2026 rates'!$L:$R,5,0),IF($LB13=30%,VLOOKUP($AW13,'Jan-2026 rates'!$L:$R,6,0),IF($LB13=100%,VLOOKUP($AW13,'Jan-2026 rates'!$L:$R,7,0),IF($LB13=60%,VLOOKUP($AW13,'Jan-2026 rates'!$L:$S,8,0),IF($LB13=80%,VLOOKUP($AW13,'Jan-2026 rates'!L:T,9,0),0)))))))) -> 0 | BC13: R92 | BK13: 2 | BL13: =IF(BK13=0,0,IF(LEN(BC13)=11,_xlfn.XLOOKUP(BC13,'Dispensed Ink Rates'!C:C,'Dispensed Ink Rates'!CS:CS),VLOOKUP(BC13,'Jan-2026 rates'!$E:$F,2,0))) -> 0 | BN13: =IF(BM13=0,0,IF(LEN(BD13)=11,_xlfn.XLOOKUP(BD13,'Dispensed Ink Rates'!C:C,'Dispensed Ink Rates'!CS:CS),VLOOKUP(BD13,'Jan-2026 rates'!$E:$F,2,0))) -> 0 | BP13: =IF(BO13=0,0,IF(LEN(BE13)=11,_xlfn.XLOOKUP(BE13,'Dispensed Ink Rates'!C:C,'Dispensed Ink Rates'!CS:CS),VLOOKUP(BE13,'Jan-2026 rates'!$E:$F,2,0))) -> 0 | BR13: =IF(BQ13=0,0,IF(LEN(BF13)=11,_xlfn.XLOOKUP(BF13,'Dispensed Ink Rates'!C:C,'Dispensed Ink Rates'!CS:CS),VLOOKUP(BF13,'Jan-2026 rates'!$E:$F,2,0))) -> 0 | BT13: =IF(BS13=0,0,IF(LEN(BG13)=11,_xlfn.XLOOKUP(BG13,'Dispensed Ink Rates'!C:C,'Dispensed Ink Rates'!CS:CS),VLOOKUP(BG13,'Jan-2026 rates'!$E:$F,2,0))) -> 0 | BV13: =IF(BU13=0,0,IF(LEN(BH13)=11,_xlfn.XLOOKUP(BH13,'Dispensed Ink Rates'!C:C,'Dispensed Ink Rates'!CS:CS),VLOOKUP(BH13,'Jan-2026 rates'!$E:$F,2,0))) -> 0 | BX13: =IF(BW13=0,0,IF(LEN(BI13)=11,_xlfn.XLOOKUP(BI13,'Dispensed Ink Rates'!C:C,'Dispensed Ink Rates'!CS:CS),VLOOKUP(BI13,'Jan-2026 rates'!$E:$F,2,0))) -> 0 | BZ13: =IF(BY13=0,0,IF(LEN(BJ13)=11,_xlfn.XLOOKUP(BJ13,'Dispensed Ink Rates'!C:C,'Dispensed Ink Rates'!CS:CS),VLOOKUP(BJ13,'Jan-2026 rates'!$E:$F,2,0))) -> 0 | CA13: ToyoLi | CB13: =13+14 -> 27 | CC13: =IFERROR(IF(CD13<=0,0,(AX13*AY13+BA13*BB13+BK13*BL13+BM13*BN13+BO13*BP13+BQ13*BR13+BS13*BT13+BU13*BV13+BW13*BX13+BY13*BZ13+(KU13/SUM(KT13:LA13)*LL13)*LX13)/(AX13+BA13+BK13+BM13+BO13+BQ13+BS13+BU13+BW13+BY13+(KU13/SUM(KT13:LA13)*LL13))),0) -> 0 | CD13: =IFERROR((AX13+BA13+BK13+BM13+BO13+BQ13+BS13+BU13+BW13+BY13+(KU13/SUM(KT13:LA13)*LL13)-CB13),0) -> 16.153846 | CE13: =IFERROR(IF(CD13<=0,0,(AX13*AY13+BA13*BB13+BK13*BL13+BM13*BN13+BO13*BP13+BQ13*BR13+BS13*BT13+BU13*BV13+BW13*BX13+BY13*BZ13-CB13*CC13+(KU13/SUM(KT13:LA13)*LL13)*LX13)),0) -> 0 | CF13: RED | CG13: R00011R | CH13: =CONCATENATE(DL13," - ",CF13) -> ToyoLi - RED | CI13: 30 | CJ13: =IF(CI13=0,0,IF($LB13=70%,VLOOKUP($CH13,'Jan-2026 rates'!$L:$R,4,0),IF($LB13=65%,VLOOKUP($CH13,'Jan-2026 rates'!$L:$R,4,0),IF($LB13=40%,VLOOKUP($CH13,'Jan-2026 rates'!$L:$R,5,0),IF($LB13=30%,VLOOKUP($CH13,'Jan-2026 rates'!$L:$R,6,0),IF($LB13=100%,VLOOKUP($CH13,'Jan-2026 rates'!$L:$R,7,0),IF($LB13=60%,VLOOKUP($CH13,'Jan-2026 rates'!$L:$S,8,0),IF($LB13=80%,VLOOKUP($CH13,'Jan-2026 rates'!L:T,9,0),0)))))))) -> 0 | CM13: =IF(CL13=0,0,IF($LB13=70%,VLOOKUP($CH13,'Jan-2026 rates'!$L:$R,4,0),IF($LB13=65%,VLOOKUP($CH13,'Jan-2026 rates'!$L:$R,4,0),IF($LB13=40%,VLOOKUP($CH13,'Jan-2026 rates'!$L:$R,5,0),IF($LB13=30%,VLOOKUP($CH13,'Jan-2026 rates'!$L:$R,6,0),IF($LB13=100%,VLOOKUP($CH13,'Jan-2026 rates'!$L:$R,7,0),IF($LB13=60%,VLOOKUP($CH13,'Jan-2026 rates'!$L:$S,8,0),IF($LB13=80%,VLOOKUP($CH13,'Jan-2026 rates'!L:T,9,0),0)))))))) -> 0 | CN13: R92 | CV13: 2 | CW13: =IF(CV13=0,0,IF(LEN(CN13)=11,_xlfn.XLOOKUP(CN13,'Dispensed Ink Rates'!C:C,'Dispensed Ink Rates'!CS:CS),VLOOKUP(CN13,'Jan-2026 rates'!$E:$F,2,0))) -> 0 | CY13: =IF(CX13=0,0,IF(LEN(CO13)=11,_xlfn.XLOOKUP(CO13,'Dispensed Ink Rates'!C:C,'Dispensed Ink Rates'!CS:CS),VLOOKUP(CO13,'Jan-2026 rates'!$E:$F,2,0))) -> 0 | DA13: =IF(CZ13=0,0,IF(LEN(CP13)=11,_xlfn.XLOOKUP(CP13,'Dispensed Ink Rates'!C:C,'Dispensed Ink Rates'!CS:CS),VLOOKUP(CP13,'Jan-2026 rates'!$E:$F,2,0))) -> 0 | DC13: =IF(DB13=0,0,IF(LEN(CQ13)=11,_xlfn.XLOOKUP(CQ13,'Dispensed Ink Rates'!C:C,'Dispensed Ink Rates'!CS:CS),VLOOKUP(CQ13,'Jan-2026 rates'!$E:$F,2,0))) -> 0 | DE13: =IF(DD13=0,0,IF(LEN(CR13)=11,_xlfn.XLOOKUP(CR13,'Dispensed Ink Rates'!C:C,'Dispensed Ink Rates'!CS:CS),VLOOKUP(CR13,'Jan-2026 rates'!$E:$F,2,0))) -> 0 | DG13: =IF(DF13=0,0,IF(LEN(CS13)=11,_xlfn.XLOOKUP(CS13,'Dispensed Ink Rates'!C:C,'Dispensed Ink Rates'!CS:CS),VLOOKUP(CS13,'Jan-2026 rates'!$E:$F,2,0))) -> 0 | DI13: =IF(DH13=0,0,IF(LEN(CT13)=11,_xlfn.XLOOKUP(CT13,'Dispensed Ink Rates'!C:C,'Dispensed Ink Rates'!CS:CS),VLOOKUP(CT13,'Jan-2026 rates'!$E:$F,2,0))) -> 0 | DK13: =IF(DJ13=0,0,IF(LEN(CU13)=11,_xlfn.XLOOKUP(CU13,'Dispensed Ink Rates'!C:C,'Dispensed Ink Rates'!CS:CS),VLOOKUP(CU13,'Jan-2026 rates'!$E:$F,2,0))) -> 0 | DL13: ToyoLi | DM13: 27 | DN13: =IFERROR(IF(DO13<=0,0,(CI13*CJ13+CL13*CM13+CV13*CW13+CX13*CY13+CZ13*DA13+DB13*DC13+DD13*DE13+DF13*DG13+DH13*DI13+DJ13*DK13+(KV13/SUM(KT13:LA13)*LL13)*LX13)/(CI13+CL13+CV13+CX13+CZ13+DB13+DD13+DF13+DH13+DJ13+(KV13/SUM(KT13:LA13)*LL13))),0) -> 0 | DO13: =IFERROR((CI13+CL13+CV13+CX13+CZ13+DB13+DD13+DF13+DH13+DJ13+(KV13/SUM(KT13:LA13)*LL13)-DM13),0) -> 10.153846 | DP13: =IFERROR(IF(DO13<=0,0,(CI13*CJ13+CL13*CM13+CV13*CW13+CX13*CY13+CZ13*DA13+DB13*DC13+DD13*DE13+DF13*DG13+DH13*DI13+DJ13*DK13-DM13*DN13+(KV13/SUM(KT13:LA13)*LL13)*LX13)),0) -> 0 | DQ13: CYAN | DR13: R00011C | DS13: =CONCATENATE(EW13," - ",DQ13) -> ToyoLi - CYAN | DT13: 25 | DU13: =IF(DT13=0,0,IF($LB13=70%,VLOOKUP($DS13,'Jan-2026 rates'!$L:$R,4,0),IF($LB13=65%,VLOOKUP($DS13,'Jan-2026 rates'!$L:$R,4,0),IF($LB13=40%,VLOOKUP($DS13,'Jan-2026 rates'!$L:$R,5,0),IF($LB13=30%,VLOOKUP($DS13,'Jan-2026 rates'!$L:$R,6,0),IF($LB13=100%,VLOOKUP($DS13,'Jan-2026 rates'!$L:$R,7,0),IF($LB13=60%,VLOOKUP($DS13,'Jan-2026 rates'!$L:$S,8,0),IF($LB13=80%,VLOOKUP($DS13,'Jan-2026 rates'!L:T,9,0),0)))))))) -> 0 | DX13: =IF(DW13=0,0,IF($LB13=70%,VLOOKUP($DS13,'Jan-2026 rates'!$L:$R,4,0),IF($LB13=65%,VLOOKUP($DS13,'Jan-2026 rates'!$L:$R,4,0),IF($LB13=40%,VLOOKUP($DS13,'Jan-2026 rates'!$L:$R,5,0),IF($LB13=30%,VLOOKUP($DS13,'Jan-2026 rates'!$L:$R,6,0),IF($LB13=100%,VLOOKUP($DS13,'Jan-2026 rates'!$L:$R,7,0),IF($LB13=60%,VLOOKUP($DS13,'Jan-2026 rates'!$L:$S,8,0),IF($LB13=80%,VLOOKUP($DS13,'Jan-2026 rates'!L:T,9,0),0)))))))) -> 0 | DY13: R39 | EG13: 5 | EH13: =IF(EG13=0,0,IF(LEN(DY13)=11,_xlfn.XLOOKUP(DY13,'Dispensed Ink Rates'!C:C,'Dispensed Ink Rates'!CS:CS),VLOOKUP(DY13,'Jan-2026 rates'!$E:$F,2,0))) -> 0 | EJ13: =IF(EI13=0,0,IF(LEN(DZ13)=11,_xlfn.XLOOKUP(DZ13,'Dispensed Ink Rates'!C:C,'Dispensed Ink Rates'!CS:CS),VLOOKUP(DZ13,'Jan-2026 rates'!$E:$F,2,0))) -> 0 | EL13: =IF(EK13=0,0,IF(LEN(EA13)=11,_xlfn.XLOOKUP(EA13,'Dispensed Ink Rates'!C:C,'Dispensed Ink Rates'!CS:CS),VLOOKUP(EA13,'Jan-2026 rates'!$E:$F,2,0))) -> 0 | EN13: =IF(EM13=0,0,IF(LEN(EB13)=11,_xlfn.XLOOKUP(EB13,'Dispensed Ink Rates'!C:C,'Dispensed Ink Rates'!CS:CS),VLOOKUP(EB13,'Jan-2026 rates'!$E:$F,2,0))) -> 0 | EP13: =IF(EO13=0,0,IF(LEN(EC13)=11,_xlfn.XLOOKUP(EC13,'Dispensed Ink Rates'!C:C,'Dispensed Ink Rates'!CS:CS),VLOOKUP(EC13,'Jan-2026 rates'!$E:$F,2,0))) -> 0 | ER13: =IF(EQ13=0,0,IF(LEN(ED13)=11,_xlfn.XLOOKUP(ED13,'Dispensed Ink Rates'!C:C,'Dispensed Ink Rates'!CS:CS),VLOOKUP(ED13,'Jan-2026 rates'!$E:$F,2,0))) -> 0 | ET13: =IF(ES13=0,0,IF(LEN(EE13)=11,_xlfn.XLOOKUP(EE13,'Dispensed Ink Rates'!C:C,'Dispensed Ink Rates'!CS:CS),VLOOKUP(EE13,'Jan-2026 rates'!$E:$F,2,0))) -> 0 | EV13: =IF(EU13=0,0,IF(LEN(EF13)=11,_xlfn.XLOOKUP(EF13,'Dispensed Ink Rates'!C:C,'Dispensed Ink Rates'!CS:CS),VLOOKUP(EF13,'Jan-2026 rates'!$E:$F,2,0))) -> 0 | EW13: ToyoLi | EX13: 26 | EY13: =IFERROR(IF(EZ13<=0,0,(DT13*DU13+DW13*DX13+EG13*EH13+EI13*EJ13+EK13*EL13+EM13*EN13+EO13*EP13+EQ13*ER13+ES13*ET13+EU13*EV13+(KW13/SUM(KT13:LA13)*LL13)*LX13)/(DT13+DW13+EG13+EI13+EK13+EM13+EO13+EQ13+ES13+EU13+(KW13/SUM(KT13:LA13)*LL13))),0) -> 0 | EZ13: =IFERROR((DT13+DW13+EG13+EI13+EK13+EM13+EO13+EQ13+ES13+EU13+(KW13/SUM(KT13:LA13)*LL13)-EX13),0) -> 9.1538462 | FA13: =IFERROR(IF(EZ13<=0,0,(DT13*DU13+DW13*DX13+EG13*EH13+EI13*EJ13+EK13*EL13+EM13*EN13+EO13*EP13+EQ13*ER13+ES13*ET13+EU13*EV13-EX13*EY13+(KW13/SUM(KT13:LA13)*LL13)*LX13)),0) -> 0 | FB13: MAGENTA | FC13: R00011M | FD13: =CONCATENATE(GH13," - ",FB13) -> ToyoLi - MAGENTA | FE13: 27 | FF13: =IF(FE13=0,0,IF($LB13=70%,VLOOKUP($FD13,'Jan-2026 rates'!$L:$R,4,0),IF($LB13=65%,VLOOKUP($FD13,'Jan-2026 rates'!$L:$R,4,0),IF($LB13=40%,VLOOKUP($FD13,'Jan-2026 rates'!$L:$R,5,0),IF($LB13=30%,VLOOKUP($FD13,'Jan-2026 rates'!$L:$R,6,0),IF($LB13=100%,VLOOKUP($FD13,'Jan-2026 rates'!$L:$R,7,0),IF($LB13=60%,VLOOKUP($FD13,'Jan-2026 rates'!$L:$S,8,0),IF($LB13=80%,VLOOKUP($FD13,'Jan-2026 rates'!L:T,9,0),0)))))))) -> 0 | FI13: =IF(FH13=0,0,IF($LB13=70%,VLOOKUP($FD13,'Jan-2026 rates'!$L:$R,4,0),IF($LB13=65%,VLOOKUP($FD13,'Jan-2026 rates'!$L:$R,4,0),IF($LB13=40%,VLOOKUP($FD13,'Jan-2026 rates'!$L:$R,5,0),IF($LB13=30%,VLOOKUP($FD13,'Jan-2026 rates'!$L:$R,6,0),IF($LB13=100%,VLOOKUP($FD13,'Jan-2026 rates'!$L:$R,7,0),IF($LB13=60%,VLOOKUP($FD13,'Jan-2026 rates'!$L:$S,8,0),IF($LB13=80%,VLOOKUP($FD13,'Jan-2026 rates'!L:T,9,0),0)))))))) -> 0 | FJ13: F121 | FR13: 2 | FS13: =IF(FR13=0,0,IF(LEN(FJ13)=11,_xlfn.XLOOKUP(FJ13,'Dispensed Ink Rates'!C:C,'Dispensed Ink Rates'!CS:CS),VLOOKUP(FJ13,'Jan-2026 rates'!$E:$F,2,0))) -> 0 | FU13: =IF(FT13=0,0,IF(LEN(FK13)=11,_xlfn.XLOOKUP(FK13,'Dispensed Ink Rates'!C:C,'Dispensed Ink Rates'!CS:CS),VLOOKUP(FK13,'Jan-2026 rates'!$E:$F,2,0))) -> 0 | FW13: =IF(FV13=0,0,IF(LEN(FL13)=11,_xlfn.XLOOKUP(FL13,'Dispensed Ink Rates'!C:C,'Dispensed Ink Rates'!CS:CS),VLOOKUP(FL13,'Jan-2026 rates'!$E:$F,2,0))) -> 0 | FY13: =IF(FX13=0,0,IF(LEN(FM13)=11,_xlfn.XLOOKUP(FM13,'Dispensed Ink Rates'!C:C,'Dispensed Ink Rates'!CS:CS),VLOOKUP(FM13,'Jan-2026 rates'!$E:$F,2,0))) -> 0 | GA13: =IF(FZ13=0,0,IF(LEN(FN13)=11,_xlfn.XLOOKUP(FN13,'Dispensed Ink Rates'!C:C,'Dispensed Ink Rates'!CS:CS),VLOOKUP(FN13,'Jan-2026 rates'!$E:$F,2,0))) -> 0 | GC13: =IF(GB13=0,0,IF(LEN(FO13)=11,_xlfn.XLOOKUP(FO13,'Dispensed Ink Rates'!C:C,'Dispensed Ink Rates'!CS:CS),VLOOKUP(FO13,'Jan-2026 rates'!$E:$F,2,0))) -> 0 | GE13: =IF(GD13=0,0,IF(LEN(FP13)=11,_xlfn.XLOOKUP(FP13,'Dispensed Ink Rates'!C:C,'Dispensed Ink Rates'!CS:CS),VLOOKUP(FP13,'Jan-2026 rates'!$E:$F,2,0))) -> 0 | GG13: =IF(GF13=0,0,IF(LEN(FQ13)=11,_xlfn.XLOOKUP(FQ13,'Dispensed Ink Rates'!C:C,'Dispensed Ink Rates'!CS:CS),VLOOKUP(FQ13,'Jan-2026 rates'!$E:$F,2,0))) -> 0 | GH13: ToyoLi | GI13: 27 | GJ13: =IFERROR(IF(GK13<=0,0,(FE13*FF13+FH13*FI13+FR13*FS13+FT13*FU13+FV13*FW13+FX13*FY13+FZ13*GA13+GB13*GC13+GD13*GE13+GF13*GG13+(KX13/SUM(KT13:LA13)*LL13)*LX13)/(FE13+FH13+FR13+FT13+FV13+FX13+FZ13+GB13+GD13+GF13+(KX13/SUM(KT13:LA13)*LL13))),0) -> 0 | GK13: =IFERROR((FE13+FH13+FR13+FT13+FV13+FX13+FZ13+GB13+GD13+GF13+(KX13/SUM(KT13:LA13)*LL13)-GI13),0) -> 7.1538462 | GL13: =IFERROR(IF(GK13<=0,0,(FE13*FF13+FH13*FI13+FR13*FS13+FT13*FU13+FV13*FW13+FX13*FY13+FZ13*GA13+GB13*GC13+GD13*GE13+GF13*GG13-GI13*GJ13+(KX13/SUM(KT13:LA13)*LL13)*LX13)),0) -> 0 | GM13: YELLOW | GN13: R00011Y | GO13: =CONCATENATE(HS13," - ",GM13) -> ToyoLi - YELLOW | GP13: 26 | GQ13: =IF(GP13=0,0,IF($LB13=70%,VLOOKUP($GO13,'Jan-2026 rates'!$L:$R,4,0),IF($LB13=65%,VLOOKUP($GO13,'Jan-2026 rates'!$L:$R,4,0),IF($LB13=40%,VLOOKUP($GO13,'Jan-2026 rates'!$L:$R,5,0),IF($LB13=30%,VLOOKUP($GO13,'Jan-2026 rates'!$L:$R,6,0),IF($LB13=100%,VLOOKUP($GO13,'Jan-2026 rates'!$L:$R,7,0),IF($LB13=60%,VLOOKUP($GO13,'Jan-2026 rates'!$L:$S,8,0),IF($LB13=80%,VLOOKUP($GO13,'Jan-2026 rates'!L:T,9,0),0)))))))) -> 0 | GT13: =IF(GS13=0,0,IF($LB13=70%,VLOOKUP($GO13,'Jan-2026 rates'!$L:$R,4,0),IF($LB13=65%,VLOOKUP($GO13,'Jan-2026 rates'!$L:$R,4,0),IF($LB13=40%,VLOOKUP($GO13,'Jan-2026 rates'!$L:$R,5,0),IF($LB13=30%,VLOOKUP($GO13,'Jan-2026 rates'!$L:$R,6,0),IF($LB13=100%,VLOOKUP($GO13,'Jan-2026 rates'!$L:$R,7,0),IF($LB13=60%,VLOOKUP($GO13,'Jan-2026 rates'!$L:$S,8,0),IF($LB13=80%,VLOOKUP($GO13,'Jan-2026 rates'!L:T,9,0),0)))))))) -> 0 | GU13: F23T | HC13: 5 | HD13: =IF(HC13=0,0,IF(LEN(GU13)=11,_xlfn.XLOOKUP(GU13,'Dispensed Ink Rates'!C:C,'Dispensed Ink Rates'!CS:CS),VLOOKUP(GU13,'Jan-2026 rates'!$E:$F,2,0))) -> 0 | HF13: =IF(HE13=0,0,IF(LEN(GV13)=11,_xlfn.XLOOKUP(GV13,'Dispensed Ink Rates'!C:C,'Dispensed Ink Rates'!CS:CS),VLOOKUP(GV13,'Jan-2026 rates'!$E:$F,2,0))) -> 0 | HH13: =IF(HG13=0,0,IF(LEN(GW13)=11,_xlfn.XLOOKUP(GW13,'Dispensed Ink Rates'!C:C,'Dispensed Ink Rates'!CS:CS),VLOOKUP(GW13,'Jan-2026 rates'!$E:$F,2,0))) -> 0 | HJ13: =IF(HI13=0,0,IF(LEN(GX13)=11,_xlfn.XLOOKUP(GX13,'Dispensed Ink Rates'!C:C,'Dispensed Ink Rates'!CS:CS),VLOOKUP(GX13,'Jan-2026 rates'!$E:$F,2,0))) -> 0 | HL13: =IF(HK13=0,0,IF(LEN(GY13)=11,_xlfn.XLOOKUP(GY13,'Dispensed Ink Rates'!C:C,'Dispensed Ink Rates'!CS:CS),VLOOKUP(GY13,'Jan-2026 rates'!$E:$F,2,0))) -> 0 | HN13: =IF(HM13=0,0,IF(LEN(GZ13)=11,_xlfn.XLOOKUP(GZ13,'Dispensed Ink Rates'!C:C,'Dispensed Ink Rates'!CS:CS),VLOOKUP(GZ13,'Jan-2026 rates'!$E:$F,2,0))) -> 0 | HP13: =IF(HO13=0,0,IF(LEN(HA13)=11,_xlfn.XLOOKUP(HA13,'Dispensed Ink Rates'!C:C,'Dispensed Ink Rates'!CS:CS),VLOOKUP(HA13,'Jan-2026 rates'!$E:$F,2,0))) -> 0 | HR13: =IF(HQ13=0,0,IF(LEN(HB13)=11,_xlfn.XLOOKUP(HB13,'Dispensed Ink Rates'!C:C,'Dispensed Ink Rates'!CS:CS),VLOOKUP(HB13,'Jan-2026 rates'!$E:$F,2,0))) -> 0 | HS13: ToyoLi | HT13: 26 | HU13: =IFERROR(IF(HV13<=0,0,(GP13*GQ13+GS13*GT13+HC13*HD13+HE13*HF13+HG13*HH13+HI13*HJ13+HK13*HL13+HM13*HN13+HO13*HP13+HQ13*HR13+(KY13/SUM(KT13:LA13)*LL13)*LX13)/(GP13+GS13+HC13+HE13+HG13+HI13+HK13+HM13+HO13+HQ13+(KY13/SUM(KT13:LA13)*LL13))),0) -> 0 | HV13: =IFERROR((GP13+GS13+HC13+HE13+HG13+HI13+HK13+HM13+HO13+HQ13+(KY13/SUM(KT13:LA13)*LL13)-HT13),0) -> 10.153846 | HW13: =IFERROR(IF(HV13<=0,0,(GP13*GQ13+GS13*GT13+HC13*HD13+HE13*HF13+HG13*HH13+HI13*HJ13+HK13*HL13+HM13*HN13+HO13*HP13+HQ13*HR13-HT13*HU13+(KY13/SUM(KT13:LA13)*LL13)*LX13)),0) -> 0 | HX13: WHITE | HY13: R00011W | HZ13: =CONCATENATE(JD13," - ",HX13) -> ToyoLi - WHITE | IA13: 30 | IB13: =IF(IA13=0,0,IF($LB13=70%,VLOOKUP($HZ13,'Jan-2026 rates'!$L:$R,4,0),IF($LB13=65%,VLOOKUP($HZ13,'Jan-2026 rates'!$L:$R,4,0),IF($LB13=40%,VLOOKUP($HZ13,'Jan-2026 rates'!$L:$R,5,0),IF($LB13=30%,VLOOKUP($HZ13,'Jan-2026 rates'!$L:$R,6,0),IF($LB13=100%,VLOOKUP($HZ13,'Jan-2026 rates'!$L:$R,7,0),IF($LB13=60%,VLOOKUP($HZ13,'Jan-2026 rates'!$L:$S,8,0),IF($LB13=80%,VLOOKUP($HZ13,'Jan-2026 rates'!L:T,9,0),0)))))))) -> 0 | IE13: =IF(ID13=0,0,IF($LB13=70%,VLOOKUP($HZ13,'Jan-2026 rates'!$L:$R,4,0),IF($LB13=65%,VLOOKUP($HZ13,'Jan-2026 rates'!$L:$R,4,0),IF($LB13=40%,VLOOKUP($HZ13,'Jan-2026 rates'!$L:$R,5,0),IF($LB13=30%,VLOOKUP($HZ13,'Jan-2026 rates'!$L:$R,6,0),IF($LB13=100%,VLOOKUP($HZ13,'Jan-2026 rates'!$L:$R,7,0),IF($LB13=60%,VLOOKUP($HZ13,'Jan-2026 rates'!$L:$S,8,0),IF($LB13=80%,VLOOKUP($HZ13,'Jan-2026 rates'!L:T,9,0),0)))))))) -> 0 | IF13: F640 | IN13: 50 | IO13: =IF(IN13=0,0,IF(LEN(IF13)=11,_xlfn.XLOOKUP(IF13,'Dispensed Ink Rates'!C:C,'Dispensed Ink Rates'!CS:CS),VLOOKUP(IF13,'Jan-2026 rates'!$E:$F,2,0))) -> 0 | IQ13: =IF(IP13=0,0,IF(LEN(IG13)=11,_xlfn.XLOOKUP(IG13,'Dispensed Ink Rates'!C:C,'Dispensed Ink Rates'!CS:CS),VLOOKUP(IG13,'Jan-2026 rates'!$E:$F,2,0))) -> 0 | IS13: =IF(IR13=0,0,IF(LEN(IH13)=11,_xlfn.XLOOKUP(IH13,'Dispensed Ink Rates'!C:C,'Dispensed Ink Rates'!CS:CS),VLOOKUP(IH13,'Jan-2026 rates'!$E:$F,2,0))) -> 0 | IU13: =IF(IT13=0,0,IF(LEN(II13)=11,_xlfn.XLOOKUP(II13,'Dispensed Ink Rates'!C:C,'Dispensed Ink Rates'!CS:CS),VLOOKUP(II13,'Jan-2026 rates'!$E:$F,2,0))) -> 0 | IW13: =IF(IV13=0,0,IF(LEN(IJ13)=11,_xlfn.XLOOKUP(IJ13,'Dispensed Ink Rates'!C:C,'Dispensed Ink Rates'!CS:CS),VLOOKUP(IJ13,'Jan-2026 rates'!$E:$F,2,0))) -> 0 | IY13: =IF(IX13=0,0,IF(LEN(IK13)=11,_xlfn.XLOOKUP(IK13,'Dispensed Ink Rates'!C:C,'Dispensed Ink Rates'!CS:CS),VLOOKUP(IK13,'Jan-2026 rates'!$E:$F,2,0))) -> 0 | JA13: =IF(IZ13=0,0,IF(LEN(IL13)=11,_xlfn.XLOOKUP(IL13,'Dispensed Ink Rates'!C:C,'Dispensed Ink Rates'!CS:CS),VLOOKUP(IL13,'Jan-2026 rates'!$E:$F,2,0))) -> 0 | JC13: =IF(JB13=0,0,IF(LEN(IM13)=11,_xlfn.XLOOKUP(IM13,'Dispensed Ink Rates'!C:C,'Dispensed Ink Rates'!CS:CS),VLOOKUP(IM13,'Jan-2026 rates'!$E:$F,2,0))) -> 0 | JD13: ToyoLi | JE13: 20 | JF13: =IFERROR(IF(JG13<=0,0,(IA13*IB13+ID13*IE13+IN13*IO13+IP13*IQ13+IR13*IS13+IT13*IU13+IV13*IW13+IX13*IY13+IZ13*JA13+JB13*JC13+(KZ13/SUM(KT13:LA13)*LL13)*LX13)/(IA13+ID13+IN13+IP13+IR13+IT13+IV13+IX13+IZ13+JB13+(KZ13/SUM(KT13:LA13)*LL13))),0) -> 0 | JG13: =IFERROR((IA13+ID13+IN13+IP13+IR13+IT13+IV13+IX13+IZ13+JB13+(KZ13/SUM(KT13:LA13)*LL13)-JE13),0) -> 124.42308 | JH13: =IFERROR(IF(JG13<=0,0,(IA13*IB13+ID13*IE13+IN13*IO13+IP13*IQ13+IR13*IS13+IT13*IU13+IV13*IW13+IX13*IY13+IZ13*JA13+JB13*JC13-JE13*JF13+(KZ13/SUM(KT13:LA13)*LL13)*LX13)),0) -> 0 | JI13: MATT | JJ13: R00011M | JK13: =CONCATENATE(KO13," - ",JI13) -> HI-TECH INK - MATT | JL13: 20 | JM13: =IF(JL13=0,0,IF($LB13=70%,VLOOKUP($JK13,'Jan-2026 rates'!$L:$R,4,0),IF($LB13=65%,VLOOKUP($JK13,'Jan-2026 rates'!$L:$R,4,0),IF($LB13=40%,VLOOKUP($JK13,'Jan-2026 rates'!$L:$R,5,0),IF($LB13=30%,VLOOKUP($JK13,'Jan-2026 rates'!$L:$R,6,0),IF($LB13=100%,VLOOKUP($JK13,'Jan-2026 rates'!$L:$R,7,0),IF($LB13=60%,VLOOKUP($JK13,'Jan-2026 rates'!$L:$S,8,0),IF($LB13=80%,VLOOKUP($JK13,'Jan-2026 rates'!L:T,9,0),0)))))))) -> 0 | JP13: =IF(JO13=0,0,IF($LB13=70%,VLOOKUP($JK13,'Jan-2026 rates'!$L:$R,4,0),IF($LB13=65%,VLOOKUP($JK13,'Jan-2026 rates'!$L:$R,4,0),IF($LB13=40%,VLOOKUP($JK13,'Jan-2026 rates'!$L:$R,5,0),IF($LB13=30%,VLOOKUP($JK13,'Jan-2026 rates'!$L:$R,6,0),IF($LB13=100%,VLOOKUP($JK13,'Jan-2026 rates'!$L:$R,7,0),IF($LB13=60%,VLOOKUP($JK13,'Jan-2026 rates'!$L:$S,8,0),IF($LB13=80%,VLOOKUP($JK13,'Jan-2026 rates'!L:T,9,0),0)))))))) -> 0 | JQ13: 2066 | JY13: 40 | JZ13: =IF(JY13=0,0,IF(LEN(JQ13)=11,_xlfn.XLOOKUP(JQ13,'Dispensed Ink Rates'!C:C,'Dispensed Ink Rates'!CS:CS),VLOOKUP(JQ13,'Jan-2026 rates'!$E:$F,2,0))) -> 0 | KB13: =IF(KA13=0,0,IF(LEN(JR13)=11,_xlfn.XLOOKUP(JR13,'Dispensed Ink Rates'!C:C,'Dispensed Ink Rates'!CS:CS),VLOOKUP(JR13,'Jan-2026 rates'!$E:$F,2,0))) -> 0 | KD13: =IF(KC13=0,0,IF(LEN(JS13)=11,_xlfn.XLOOKUP(JS13,'Dispensed Ink Rates'!C:C,'Dispensed Ink Rates'!CS:CS),VLOOKUP(JS13,'Jan-2026 rates'!$E:$F,2,0))) -> 0 | KF13: =IF(KE13=0,0,IF(LEN(JT13)=11,_xlfn.XLOOKUP(JT13,'Dispensed Ink Rates'!C:C,'Dispensed Ink Rates'!CS:CS),VLOOKUP(JT13,'Jan-2026 rates'!$E:$F,2,0))) -> 0 | KH13: =IF(KG13=0,0,IF(LEN(JU13)=11,_xlfn.XLOOKUP(JU13,'Dispensed Ink Rates'!C:C,'Dispensed Ink Rates'!CS:CS),VLOOKUP(JU13,'Jan-2026 rates'!$E:$F,2,0))) -> 0 | KJ13: =IF(KI13=0,0,IF(LEN(JV13)=11,_xlfn.XLOOKUP(JV13,'Dispensed Ink Rates'!C:C,'Dispensed Ink Rates'!CS:CS),VLOOKUP(JV13,'Jan-2026 rates'!$E:$F,2,0))) -> 0 | KL13: =IF(KK13=0,0,IF(LEN(JW13)=11,_xlfn.XLOOKUP(JW13,'Dispensed Ink Rates'!C:C,'Dispensed Ink Rates'!CS:CS),VLOOKUP(JW13,'Jan-2026 rates'!$E:$F,2,0))) -> 0 | KN13: =IF(KM13=0,0,IF(LEN(JX13)=11,_xlfn.XLOOKUP(JX13,'Dispensed Ink Rates'!C:C,'Dispensed Ink Rates'!CS:CS),VLOOKUP(JX13,'Jan-2026 rates'!$E:$F,2,0))) -> 0 | KO13: HI-TECH INK | KP13: 20 | KQ13: =IFERROR(IF(KR13<=0,0,(JL13*JM13+JO13*JP13+JY13*JZ13+KA13*KB13+KC13*KD13+KE13*KF13+KG13*KH13+KI13*KJ13+KK13*KL13+KM13*KN13+(LA13/SUM(KT13:LA13)*LL13)*LX13)/(JL13+JO13+JY13+KA13+KC13+KE13+KG13+KI13+KK13+KM13+(LA13/SUM(KT13:LA13)*LL13))),0) -> 0 | KR13: =IFERROR((JL13+JO13+JY13+KA13+KC13+KE13+KG13+KI13+KK13+KM13+(LA13/SUM(KT13:LA13)*LL13)-KP13),0) -> 78.653846 | KS13: =IFERROR(IF(KR13<=0,0,(JL13*JM13+JO13*JP13+JY13*JZ13+KA13*KB13+KC13*KD13+KE13*KF13+KG13*KH13+KI13*KJ13+KK13*KL13+KM13*KN13-KP13*KQ13+(LA13/SUM(KT13:LA13)*LL13)*LX13)),0) -> 0 | KT13: 2 | KU13: 2 | KV13: 2 | KW13: 2 | KX13: 2 | KY13: 2 | KZ13: 25 | LA13: 15 | LB13: 0.3 | LE13: 0.5 | LF13: 0.2 | LG13: 0 | LH13: =40+40+15+25+4+10 -> 134 | LI13: 0 | LJ13: 0 | LK13: =LG13+LH13+LI13-LJ13 -> 134 | LL13: =IF(LK13<=0,SUM(KT13:LA13),LK13) -> 134 | LM13: =IFERROR($LL13*LB13,0) -> 40.2 | LN13: =VLOOKUP($LM$8,'Jan-2026 rates'!$H:$I,2,0) -> 0 | LO13: =IFERROR(LL13*LC13,0) -> 0 | LP13: =VLOOKUP($LO$8,'Jan-2026 rates'!$H:$I,2,0) -> 0 | LQ13: =IFERROR(LL13*LD13,0) -> 0 | LR13: =VLOOKUP($LQ$8,'Jan-2026 rates'!$H:$I,2,0) -> 0 | LS13: =IFERROR(LL13*LE13,0) -> 67 | LT13: =VLOOKUP($LS$8,'Jan-2026 rates'!$H:$I,2,0) -> 0 | LU13: =IFERROR(LL13*LF13,0) -> 26.8 | LV13: =VLOOKUP($LU$8,'Jan-2026 rates'!$H:$I,2,0) -> 0 | LW13: =(LM13*LN13+LO13*LP13+LQ13*LR13+LS13*LT13+LU13*LV13) -> 0 | LX13: =IFERROR(LW13/LL13,0) -> 0 | LY13: =AT13+CE13+DP13+FA13+GL13+HW13+JH13+KS13 -> 0 | MA13: =Z13+AB13+AD13+AF13+AH13+AJ13+AL13+AN13+BK13+BM13+BO13+BQ13+BS13+BU13+BW13+BY13+CV13+CX13+CZ13+DB13+DD13+DF13+DH13+DJ13+EG13+EI13+EK13+EM13+EO13+EQ13+ES13+EU13+FR13+FT13+FV13+FX13+FZ13+GB13+GD13+GF13+HC13+HE13+HG13+HI13+HK13+HM13+HO13+HQ13+IN13+IP13+IR13+IT13+IV13+IX13+IZ13+JB13+JY13+KA13+KC13+KE13+KG13+KI13+KK13+KM13 -> 111 | MB13: =AS13+CD13+DO13+EZ13+GK13+HV13+JG13+KR13 -> 264 | MC13: TL4 | MD13: =CONCATENATE(AP13,CA13,DL13,EW13,GH13,HS13,JD13,KO13) -> ToyoLiToyoLiToyoLiToyoLiToyoLiToyoLiToyoLiHI-TECH INK | ME13: =IF(AQ13<>"",IF(AS13>0,"+","-"),"NIL") -> + | MF13: =IF(CB13<>"",IF(CD13>0,"+","-"),"NIL") -> + | MG13: =IF(DM13<>"",IF(DO13>0,"+","-"),"NIL") -> + | MH13: =IF(EX13<>"",IF(EZ13>0,"+","-"),"NIL") -> + | MI13: =IF(GI13<>"",IF(GK13>0,"+","-"),"NIL") -> + | MJ13: =IF(HT13<>"",IF(HV13>0,"+","-"),"NIL") -> + | MK13: =IF(JE13<>"",IF(JG13>0,"+","-"),"NIL") -> + | ML13: =IF(KP13<>"",IF(KR13>0,"+","-"),"NIL") -> + | MM13: {=OR(ME13:ML13="-")} -> FALSE
A14: 46024 | B14: A | C14: R00008 | D14: TL5 | E14: 134 | F14: 7700 | G14: I | H14: N | I14: =2+0.9 -> 2.9 | J14: BLACK | K14: R00010B | L14: =CONCATENATE(AP14," - ",J14) -> ToyoLi - BLACK | M14: 30 | N14: =IF(M14=0,0,IF($LB14=70%,VLOOKUP($L14,'Jan-2026 rates'!$L:$R,4,0),IF($LB14=65%,VLOOKUP($L14,'Jan-2026 rates'!$L:$R,4,0),IF($LB14=40%,VLOOKUP($L14,'Jan-2026 rates'!$L:$R,5,0),IF($LB14=30%,VLOOKUP($L14,'Jan-2026 rates'!$L:$R,6,0),IF($LB14=100%,VLOOKUP($L14,'Jan-2026 rates'!$L:$R,7,0),IF($LB14=60%,VLOOKUP($L14,'Jan-2026 rates'!$L:$S,8,0),IF($LB14=80%,VLOOKUP($L14,'Jan-2026 rates'!L:T,9,0),0)))))))) -> 0 | Q14: =IF(P14=0,0,IF($LB14=70%,VLOOKUP($L14,'Jan-2026 rates'!$L:$R,4,0),IF($LB14=65%,VLOOKUP($L14,'Jan-2026 rates'!$L:$R,4,0),IF($LB14=40%,VLOOKUP($L14,'Jan-2026 rates'!$L:$R,5,0),IF($LB14=30%,VLOOKUP($L14,'Jan-2026 rates'!$L:$R,6,0),IF($LB14=100%,VLOOKUP($L14,'Jan-2026 rates'!$L:$R,7,0),IF($LB14=60%,VLOOKUP($L14,'Jan-2026 rates'!$L:$S,8,0),IF($LB14=80%,VLOOKUP($L14,'Jan-2026 rates'!L:T,9,0),0)))))))) -> 0 | R14: RTMD | Z14: 2 | AA14: =IF(Z14=0,0,IF(LEN(R14)=11,_xlfn.XLOOKUP(R14,'Dispensed Ink Rates'!C:C,'Dispensed Ink Rates'!CS:CS),VLOOKUP(R14,'Jan-2026 rates'!$E:$F,2,0))) -> 0 | AC14: =IF(AB14=0,0,IF(LEN(S14)=11,_xlfn.XLOOKUP(S14,'Dispensed Ink Rates'!C:C,'Dispensed Ink Rates'!CS:CS),VLOOKUP(S14,'Jan-2026 rates'!$E:$F,2,0))) -> 0 | AE14: =IF(AD14=0,0,IF(LEN(T14)=11,_xlfn.XLOOKUP(T14,'Dispensed Ink Rates'!C:C,'Dispensed Ink Rates'!CS:CS),VLOOKUP(T14,'Jan-2026 rates'!$E:$F,2,0))) -> 0 | AG14: =IF(AF14=0,0,IF(LEN(U14)=11,_xlfn.XLOOKUP(U14,'Dispensed Ink Rates'!C:C,'Dispensed Ink Rates'!CS:CS),VLOOKUP(U14,'Jan-2026 rates'!$E:$F,2,0))) -> 0 | AI14: =IF(AH14=0,0,IF(LEN(V14)=11,_xlfn.XLOOKUP(V14,'Dispensed Ink Rates'!C:C,'Dispensed Ink Rates'!CS:CS),VLOOKUP(V14,'Jan-2026 rates'!$E:$F,2,0))) -> 0 | AK14: =IF(AJ14=0,0,IF(LEN(W14)=11,_xlfn.XLOOKUP(W14,'Dispensed Ink Rates'!C:C,'Dispensed Ink Rates'!CS:CS),VLOOKUP(W14,'Jan-2026 rates'!$E:$F,2,0))) -> 0 | AM14: =IF(AL14=0,0,IF(LEN(X14)=11,_xlfn.XLOOKUP(X14,'Dispensed Ink Rates'!C:C,'Dispensed Ink Rates'!CS:CS),VLOOKUP(X14,'Jan-2026 rates'!$E:$F,2,0))) -> 0 | AO14: =IF(AN14=0,0,IF(LEN(Y14)=11,_xlfn.XLOOKUP(Y14,'Dispensed Ink Rates'!C:C,'Dispensed Ink Rates'!CS:CS),VLOOKUP(Y14,'Jan-2026 rates'!$E:$F,2,0))) -> 0 | AP14: ToyoLi | AQ14: 27 | AR14: =IFERROR(IF(AS14<=0,0,(M14*N14+P14*Q14+Z14*AA14+AB14*AC14+AD14*AE14+AF14*AG14+AH14*AI14+AJ14*AK14+AL14*AM14+AN14*AO14+(KT14/SUM(KT14:LA14)*LL14)*LX14)/(M14+P14+Z14+AB14+AD14+AF14+AH14+AJ14+AL14+AN14+(KT14/SUM(KT14:LA14)*LL14))),0) -> 0 | AS14: =IFERROR((M14+P14+Z14+AB14+AD14+AF14+AH14+AJ14+AL14+AN14+(KT14/SUM(KT14:LA14)*LL14)-AQ14),0) -> 7.9777778 | AT14: =IFERROR(IF(AS14<=0,0,(M14*N14+P14*Q14+Z14*AA14+AB14*AC14+AD14*AE14+AF14*AG14+AH14*AI14+AJ14*AK14+AL14*AM14+AN14*AO14-AQ14*AR14+(KT14/SUM(KT14:LA14)*LL14)*LX14)),0) -> 0 | AU14: REFLEX BLUE | AV14: H01361B | AW14: =CONCATENATE(CA14," - ",AU14) -> ToyoLi - REFLEX BLUE | AX14: 17 | AY14: =IF(AX14=0,0,IF($LB14=70%,VLOOKUP($AW14,'Jan-2026 rates'!$L:$R,4,0),IF($LB14=65%,VLOOKUP($AW14,'Jan-2026 rates'!$L:$R,4,0),IF($LB14=40%,VLOOKUP($AW14,'Jan-2026 rates'!$L:$R,5,0),IF($LB14=30%,VLOOKUP($AW14,'Jan-2026 rates'!$L:$R,6,0),IF($LB14=100%,VLOOKUP($AW14,'Jan-2026 rates'!$L:$R,7,0),IF($LB14=60%,VLOOKUP($AW14,'Jan-2026 rates'!$L:$S,8,0),IF($LB14=80%,VLOOKUP($AW14,'Jan-2026 rates'!L:T,9,0),0)))))))) -> 0 | BB14: =IF(BA14=0,0,IF($LB14=70%,VLOOKUP($AW14,'Jan-2026 rates'!$L:$R,4,0),IF($LB14=65%,VLOOKUP($AW14,'Jan-2026 rates'!$L:$R,4,0),IF($LB14=40%,VLOOKUP($AW14,'Jan-2026 rates'!$L:$R,5,0),IF($LB14=30%,VLOOKUP($AW14,'Jan-2026 rates'!$L:$R,6,0),IF($LB14=100%,VLOOKUP($AW14,'Jan-2026 rates'!$L:$R,7,0),IF($LB14=60%,VLOOKUP($AW14,'Jan-2026 rates'!$L:$S,8,0),IF($LB14=80%,VLOOKUP($AW14,'Jan-2026 rates'!L:T,9,0),0)))))))) -> 0 | BC14: R1205 | BD14: F121 | BE14: R92 | BK14: 3 | BL14: =IF(BK14=0,0,IF(LEN(BC14)=11,_xlfn.XLOOKUP(BC14,'Dispensed Ink Rates'!C:C,'Dispensed Ink Rates'!CS:CS),VLOOKUP(BC14,'Jan-2026 rates'!$E:$F,2,0))) -> 0 | BM14: 2 | BN14: =IF(BM14=0,0,IF(LEN(BD14)=11,_xlfn.XLOOKUP(BD14,'Dispensed Ink Rates'!C:C,'Dispensed Ink Rates'!CS:CS),VLOOKUP(BD14,'Jan-2026 rates'!$E:$F,2,0))) -> 0 | BO14: 1 | BP14: =IF(BO14=0,0,IF(LEN(BE14)=11,_xlfn.XLOOKUP(BE14,'Dispensed Ink Rates'!C:C,'Dispensed Ink Rates'!CS:CS),VLOOKUP(BE14,'Jan-2026 rates'!$E:$F,2,0))) -> 0 | BR14: =IF(BQ14=0,0,IF(LEN(BF14)=11,_xlfn.XLOOKUP(BF14,'Dispensed Ink Rates'!C:C,'Dispensed Ink Rates'!CS:CS),VLOOKUP(BF14,'Jan-2026 rates'!$E:$F,2,0))) -> 0 | BT14: =IF(BS14=0,0,IF(LEN(BG14)=11,_xlfn.XLOOKUP(BG14,'Dispensed Ink Rates'!C:C,'Dispensed Ink Rates'!CS:CS),VLOOKUP(BG14,'Jan-2026 rates'!$E:$F,2,0))) -> 0 | BV14: =IF(BU14=0,0,IF(LEN(BH14)=11,_xlfn.XLOOKUP(BH14,'Dispensed Ink Rates'!C:C,'Dispensed Ink Rates'!CS:CS),VLOOKUP(BH14,'Jan-2026 rates'!$E:$F,2,0))) -> 0 | BX14: =IF(BW14=0,0,IF(LEN(BI14)=11,_xlfn.XLOOKUP(BI14,'Dispensed Ink Rates'!C:C,'Dispensed Ink Rates'!CS:CS),VLOOKUP(BI14,'Jan-2026 rates'!$E:$F,2,0))) -> 0 | BZ14: =IF(BY14=0,0,IF(LEN(BJ14)=11,_xlfn.XLOOKUP(BJ14,'Dispensed Ink Rates'!C:C,'Dispensed Ink Rates'!CS:CS),VLOOKUP(BJ14,'Jan-2026 rates'!$E:$F,2,0))) -> 0 | CA14: ToyoLi | CB14: 20 | CC14: =IFERROR(IF(CD14<=0,0,(AX14*AY14+BA14*BB14+BK14*BL14+BM14*BN14+BO14*BP14+BQ14*BR14+BS14*BT14+BU14*BV14+BW14*BX14+BY14*BZ14+(KU14/SUM(KT14:LA14)*LL14)*LX14)/(AX14+BA14+BK14+BM14+BO14+BQ14+BS14+BU14+BW14+BY14+(KU14/SUM(KT14:LA14)*LL14))),0) -> 0 | CD14: =IFERROR((AX14+BA14+BK14+BM14+BO14+BQ14+BS14+BU14+BW14+BY14+(KU14/SUM(KT14:LA14)*LL14)-CB14),0) -> 8.9555556 | CE14: =IFERROR(IF(CD14<=0,0,(AX14*AY14+BA14*BB14+BK14*BL14+BM14*BN14+BO14*BP14+BQ14*BR14+BS14*BT14+BU14*BV14+BW14*BX14+BY14*BZ14-CB14*CC14+(KU14/SUM(KT14:LA14)*LL14)*LX14)),0) -> 0 | CF14: RED | CG14: R00010R | CH14: =CONCATENATE(DL14," - ",CF14) -> ToyoLi - RED | CI14: 27 | CJ14: =IF(CI14=0,0,IF($LB14=70%,VLOOKUP($CH14,'Jan-2026 rates'!$L:$R,4,0),IF($LB14=65%,VLOOKUP($CH14,'Jan-2026 rates'!$L:$R,4,0),IF($LB14=40%,VLOOKUP($CH14,'Jan-2026 rates'!$L:$R,5,0),IF($LB14=30%,VLOOKUP($CH14,'Jan-2026 rates'!$L:$R,6,0),IF($LB14=100%,VLOOKUP($CH14,'Jan-2026 rates'!$L:$R,7,0),IF($LB14=60%,VLOOKUP($CH14,'Jan-2026 rates'!$L:$S,8,0),IF($LB14=80%,VLOOKUP($CH14,'Jan-2026 rates'!L:T,9,0),0)))))))) -> 0 | CM14: =IF(CL14=0,0,IF($LB14=70%,VLOOKUP($CH14,'Jan-2026 rates'!$L:$R,4,0),IF($LB14=65%,VLOOKUP($CH14,'Jan-2026 rates'!$L:$R,4,0),IF($LB14=40%,VLOOKUP($CH14,'Jan-2026 rates'!$L:$R,5,0),IF($LB14=30%,VLOOKUP($CH14,'Jan-2026 rates'!$L:$R,6,0),IF($LB14=100%,VLOOKUP($CH14,'Jan-2026 rates'!$L:$R,7,0),IF($LB14=60%,VLOOKUP($CH14,'Jan-2026 rates'!$L:$S,8,0),IF($LB14=80%,VLOOKUP($CH14,'Jan-2026 rates'!L:T,9,0),0)))))))) -> 0 | CW14: =IF(CV14=0,0,IF(LEN(CN14)=11,_xlfn.XLOOKUP(CN14,'Dispensed Ink Rates'!C:C,'Dispensed Ink Rates'!CS:CS),VLOOKUP(CN14,'Jan-2026 rates'!$E:$F,2,0))) -> 0 | CY14: =IF(CX14=0,0,IF(LEN(CO14)=11,_xlfn.XLOOKUP(CO14,'Dispensed Ink Rates'!C:C,'Dispensed Ink Rates'!CS:CS),VLOOKUP(CO14,'Jan-2026 rates'!$E:$F,2,0))) -> 0 | DA14: =IF(CZ14=0,0,IF(LEN(CP14)=11,_xlfn.XLOOKUP(CP14,'Dispensed Ink Rates'!C:C,'Dispensed Ink Rates'!CS:CS),VLOOKUP(CP14,'Jan-2026 rates'!$E:$F,2,0))) -> 0 | DC14: =IF(DB14=0,0,IF(LEN(CQ14)=11,_xlfn.XLOOKUP(CQ14,'Dispensed Ink Rates'!C:C,'Dispensed Ink Rates'!CS:CS),VLOOKUP(CQ14,'Jan-2026 rates'!$E:$F,2,0))) -> 0 | DE14: =IF(DD14=0,0,IF(LEN(CR14)=11,_xlfn.XLOOKUP(CR14,'Dispensed Ink Rates'!C:C,'Dispensed Ink Rates'!CS:CS),VLOOKUP(CR14,'Jan-2026 rates'!$E:$F,2,0))) -> 0 | DG14: =IF(DF14=0,0,IF(LEN(CS14)=11,_xlfn.XLOOKUP(CS14,'Dispensed Ink Rates'!C:C,'Dispensed Ink Rates'!CS:CS),VLOOKUP(CS14,'Jan-2026 rates'!$E:$F,2,0))) -> 0 | DI14: =IF(DH14=0,0,IF(LEN(CT14)=11,_xlfn.XLOOKUP(CT14,'Dispensed Ink Rates'!C:C,'Dispensed Ink Rates'!CS:CS),VLOOKUP(CT14,'Jan-2026 rates'!$E:$F,2,0))) -> 0 | DK14: =IF(DJ14=0,0,IF(LEN(CU14)=11,_xlfn.XLOOKUP(CU14,'Dispensed Ink Rates'!C:C,'Dispensed Ink Rates'!CS:CS),VLOOKUP(CU14,'Jan-2026 rates'!$E:$F,2,0))) -> 0 | DL14: ToyoLi | DM14: 25 | DN14: =IFERROR(IF(DO14<=0,0,(CI14*CJ14+CL14*CM14+CV14*CW14+CX14*CY14+CZ14*DA14+DB14*DC14+DD14*DE14+DF14*DG14+DH14*DI14+DJ14*DK14+(KV14/SUM(KT14:LA14)*LL14)*LX14)/(CI14+CL14+CV14+CX14+CZ14+DB14+DD14+DF14+DH14+DJ14+(KV14/SUM(KT14:LA14)*LL14))),0) -> 0 | DO14: =IFERROR((CI14+CL14+CV14+CX14+CZ14+DB14+DD14+DF14+DH14+DJ14+(KV14/SUM(KT14:LA14)*LL14)-DM14),0) -> 7.9555556 | DP14: =IFERROR(IF(DO14<=0,0,(CI14*CJ14+CL14*CM14+CV14*CW14+CX14*CY14+CZ14*DA14+DB14*DC14+DD14*DE14+DF14*DG14+DH14*DI14+DJ14*DK14-DM14*DN14+(KV14/SUM(KT14:LA14)*LL14)*LX14)),0) -> 0 | DQ14: CYAN | DR14: R00010C | DS14: =CONCATENATE(EW14," - ",DQ14) -> ToyoLi - CYAN | DT14: 26 | DU14: =IF(DT14=0,0,IF($LB14=70%,VLOOKUP($DS14,'Jan-2026 rates'!$L:$R,4,0),IF($LB14=65%,VLOOKUP($DS14,'Jan-2026 rates'!$L:$R,4,0),IF($LB14=40%,VLOOKUP($DS14,'Jan-2026 rates'!$L:$R,5,0),IF($LB14=30%,VLOOKUP($DS14,'Jan-2026 rates'!$L:$R,6,0),IF($LB14=100%,VLOOKUP($DS14,'Jan-2026 rates'!$L:$R,7,0),IF($LB14=60%,VLOOKUP($DS14,'Jan-2026 rates'!$L:$S,8,0),IF($LB14=80%,VLOOKUP($DS14,'Jan-2026 rates'!L:T,9,0),0)))))))) -> 0 | DV14: H01309C | DW14: 21 | DX14: =IF(DW14=0,0,IF($LB14=70%,VLOOKUP($DS14,'Jan-2026 rates'!$L:$R,4,0),IF($LB14=65%,VLOOKUP($DS14,'Jan-2026 rates'!$L:$R,4,0),IF($LB14=40%,VLOOKUP($DS14,'Jan-2026 rates'!$L:$R,5,0),IF($LB14=30%,VLOOKUP($DS14,'Jan-2026 rates'!$L:$R,6,0),IF($LB14=100%,VLOOKUP($DS14,'Jan-2026 rates'!$L:$R,7,0),IF($LB14=60%,VLOOKUP($DS14,'Jan-2026 rates'!$L:$S,8,0),IF($LB14=80%,VLOOKUP($DS14,'Jan-2026 rates'!L:T,9,0),0)))))))) -> 0 | DY14: R39 | DZ14: RTMD | EG14: 3 | EH14: =IF(EG14=0,0,IF(LEN(DY14)=11,_xlfn.XLOOKUP(DY14,'Dispensed Ink Rates'!C:C,'Dispensed Ink Rates'!CS:CS),VLOOKUP(DY14,'Jan-2026 rates'!$E:$F,2,0))) -> 0 | EI14: 2 | EJ14: =IF(EI14=0,0,IF(LEN(DZ14)=11,_xlfn.XLOOKUP(DZ14,'Dispensed Ink Rates'!C:C,'Dispensed Ink Rates'!CS:CS),VLOOKUP(DZ14,'Jan-2026 rates'!$E:$F,2,0))) -> 0 | EL14: =IF(EK14=0,0,IF(LEN(EA14)=11,_xlfn.XLOOKUP(EA14,'Dispensed Ink Rates'!C:C,'Dispensed Ink Rates'!CS:CS),VLOOKUP(EA14,'Jan-2026 rates'!$E:$F,2,0))) -> 0 | EN14: =IF(EM14=0,0,IF(LEN(EB14)=11,_xlfn.XLOOKUP(EB14,'Dispensed Ink Rates'!C:C,'Dispensed Ink Rates'!CS:CS),VLOOKUP(EB14,'Jan-2026 rates'!$E:$F,2,0))) -> 0 | EP14: =IF(EO14=0,0,IF(LEN(EC14)=11,_xlfn.XLOOKUP(EC14,'Dispensed Ink Rates'!C:C,'Dispensed Ink Rates'!CS:CS),VLOOKUP(EC14,'Jan-2026 rates'!$E:$F,2,0))) -> 0 | ER14: =IF(EQ14=0,0,IF(LEN(ED14)=11,_xlfn.XLOOKUP(ED14,'Dispensed Ink Rates'!C:C,'Dispensed Ink Rates'!CS:CS),VLOOKUP(ED14,'Jan-2026 rates'!$E:$F,2,0))) -> 0 | ET14: =IF(ES14=0,0,IF(LEN(EE14)=11,_xlfn.XLOOKUP(EE14,'Dispensed Ink Rates'!C:C,'Dispensed Ink Rates'!CS:CS),VLOOKUP(EE14,'Jan-2026 rates'!$E:$F,2,0))) -> 0 | EV14: =IF(EU14=0,0,IF(LEN(EF14)=11,_xlfn.XLOOKUP(EF14,'Dispensed Ink Rates'!C:C,'Dispensed Ink Rates'!CS:CS),VLOOKUP(EF14,'Jan-2026 rates'!$E:$F,2,0))) -> 0 | EW14: ToyoLi | EX14: 26 | EY14: =IFERROR(IF(EZ14<=0,0,(DT14*DU14+DW14*DX14+EG14*EH14+EI14*EJ14+EK14*EL14+EM14*EN14+EO14*EP14+EQ14*ER14+ES14*ET14+EU14*EV14+(KW14/SUM(KT14:LA14)*LL14)*LX14)/(DT14+DW14+EG14+EI14+EK14+EM14+EO14+EQ14+ES14+EU14+(KW14/SUM(KT14:LA14)*LL14))),0) -> 0 | EZ14: =IFERROR((DT14+DW14+EG14+EI14+EK14+EM14+EO14+EQ14+ES14+EU14+(KW14/SUM(KT14:LA14)*LL14)-EX14),0) -> 31.955556 | FA14: =IFERROR(IF(EZ14<=0,0,(DT14*DU14+DW14*DX14+EG14*EH14+EI14*EJ14+EK14*EL14+EM14*EN14+EO14*EP14+EQ14*ER14+ES14*ET14+EU14*EV14-EX14*EY14+(KW14/SUM(KT14:LA14)*LL14)*LX14)),0) -> 0 | FB14: MAGENTA | FC14: R00010M | FD14: =CONCATENATE(GH14," - ",FB14) -> ToyoLi - MAGENTA | FE14: 27 | FF14: =IF(FE14=0,0,IF($LB14=70%,VLOOKUP($FD14,'Jan-2026 rates'!$L:$R,4,0),IF($LB14=65%,VLOOKUP($FD14,'Jan-2026 rates'!$L:$R,4,0),IF($LB14=40%,VLOOKUP($FD14,'Jan-2026 rates'!$L:$R,5,0),IF($LB14=30%,VLOOKUP($FD14,'Jan-2026 rates'!$L:$R,6,0),IF($LB14=100%,VLOOKUP($FD14,'Jan-2026 rates'!$L:$R,7,0),IF($LB14=60%,VLOOKUP($FD14,'Jan-2026 rates'!$L:$S,8,0),IF($LB14=80%,VLOOKUP($FD14,'Jan-2026 rates'!L:T,9,0),0)))))))) -> 0 | FI14: =IF(FH14=0,0,IF($LB14=70%,VLOOKUP($FD14,'Jan-2026 rates'!$L:$R,4,0),IF($LB14=65%,VLOOKUP($FD14,'Jan-2026 rates'!$L:$R,4,0),IF($LB14=40%,VLOOKUP($FD14,'Jan-2026 rates'!$L:$R,5,0),IF($LB14=30%,VLOOKUP($FD14,'Jan-2026 rates'!$L:$R,6,0),IF($LB14=100%,VLOOKUP($FD14,'Jan-2026 rates'!$L:$R,7,0),IF($LB14=60%,VLOOKUP($FD14,'Jan-2026 rates'!$L:$S,8,0),IF($LB14=80%,VLOOKUP($FD14,'Jan-2026 rates'!L:T,9,0),0)))))))) -> 0 | FJ14: F121 | FR14: 1 | FS14: =IF(FR14=0,0,IF(LEN(FJ14)=11,_xlfn.XLOOKUP(FJ14,'Dispensed Ink Rates'!C:C,'Dispensed Ink Rates'!CS:CS),VLOOKUP(FJ14,'Jan-2026 rates'!$E:$F,2,0))) -> 0 | FU14: =IF(FT14=0,0,IF(LEN(FK14)=11,_xlfn.XLOOKUP(FK14,'Dispensed Ink Rates'!C:C,'Dispensed Ink Rates'!CS:CS),VLOOKUP(FK14,'Jan-2026 rates'!$E:$F,2,0))) -> 0 | FW14: =IF(FV14=0,0,IF(LEN(FL14)=11,_xlfn.XLOOKUP(FL14,'Dispensed Ink Rates'!C:C,'Dispensed Ink Rates'!CS:CS),VLOOKUP(FL14,'Jan-2026 rates'!$E:$F,2,0))) -> 0 | FY14: =IF(FX14=0,0,IF(LEN(FM14)=11,_xlfn.XLOOKUP(FM14,'Dispensed Ink Rates'!C:C,'Dispensed Ink Rates'!CS:CS),VLOOKUP(FM14,'Jan-2026 rates'!$E:$F,2,0))) -> 0 | GA14: =IF(FZ14=0,0,IF(LEN(FN14)=11,_xlfn.XLOOKUP(FN14,'Dispensed Ink Rates'!C:C,'Dispensed Ink Rates'!CS:CS),VLOOKUP(FN14,'Jan-2026 rates'!$E:$F,2,0))) -> 0 | GC14: =IF(GB14=0,0,IF(LEN(FO14)=11,_xlfn.XLOOKUP(FO14,'Dispensed Ink Rates'!C:C,'Dispensed Ink Rates'!CS:CS),VLOOKUP(FO14,'Jan-2026 rates'!$E:$F,2,0))) -> 0 | GE14: =IF(GD14=0,0,IF(LEN(FP14)=11,_xlfn.XLOOKUP(FP14,'Dispensed Ink Rates'!C:C,'Dispensed Ink Rates'!CS:CS),VLOOKUP(FP14,'Jan-2026 rates'!$E:$F,2,0))) -> 0 | GG14: =IF(GF14=0,0,IF(LEN(FQ14)=11,_xlfn.XLOOKUP(FQ14,'Dispensed Ink Rates'!C:C,'Dispensed Ink Rates'!CS:CS),VLOOKUP(FQ14,'Jan-2026 rates'!$E:$F,2,0))) -> 0 | GH14: ToyoLi | GI14: 25 | GJ14: =IFERROR(IF(GK14<=0,0,(FE14*FF14+FH14*FI14+FR14*FS14+FT14*FU14+FV14*FW14+FX14*FY14+FZ14*GA14+GB14*GC14+GD14*GE14+GF14*GG14+(KX14/SUM(KT14:LA14)*LL14)*LX14)/(FE14+FH14+FR14+FT14+FV14+FX14+FZ14+GB14+GD14+GF14+(KX14/SUM(KT14:LA14)*LL14))),0) -> 0 | GK14: =IFERROR((FE14+FH14+FR14+FT14+FV14+FX14+FZ14+GB14+GD14+GF14+(KX14/SUM(KT14:LA14)*LL14)-GI14),0) -> 5.9777778 | GL14: =IFERROR(IF(GK14<=0,0,(FE14*FF14+FH14*FI14+FR14*FS14+FT14*FU14+FV14*FW14+FX14*FY14+FZ14*GA14+GB14*GC14+GD14*GE14+GF14*GG14-GI14*GJ14+(KX14/SUM(KT14:LA14)*LL14)*LX14)),0) -> 0 | GM14: YELLOW | GN14: R00010Y | GO14: =CONCATENATE(HS14," - ",GM14) -> ToyoLi - YELLOW | GP14: 26 | GQ14: =IF(GP14=0,0,IF($LB14=70%,VLOOKUP($GO14,'Jan-2026 rates'!$L:$R,4,0),IF($LB14=65%,VLOOKUP($GO14,'Jan-2026 rates'!$L:$R,4,0),IF($LB14=40%,VLOOKUP($GO14,'Jan-2026 rates'!$L:$R,5,0),IF($LB14=30%,VLOOKUP($GO14,'Jan-2026 rates'!$L:$R,6,0),IF($LB14=100%,VLOOKUP($GO14,'Jan-2026 rates'!$L:$R,7,0),IF($LB14=60%,VLOOKUP($GO14,'Jan-2026 rates'!$L:$S,8,0),IF($LB14=80%,VLOOKUP($GO14,'Jan-2026 rates'!L:T,9,0),0)))))))) -> 0 | GT14: =IF(GS14=0,0,IF($LB14=70%,VLOOKUP($GO14,'Jan-2026 rates'!$L:$R,4,0),IF($LB14=65%,VLOOKUP($GO14,'Jan-2026 rates'!$L:$R,4,0),IF($LB14=40%,VLOOKUP($GO14,'Jan-2026 rates'!$L:$R,5,0),IF($LB14=30%,VLOOKUP($GO14,'Jan-2026 rates'!$L:$R,6,0),IF($LB14=100%,VLOOKUP($GO14,'Jan-2026 rates'!$L:$R,7,0),IF($LB14=60%,VLOOKUP($GO14,'Jan-2026 rates'!$L:$S,8,0),IF($LB14=80%,VLOOKUP($GO14,'Jan-2026 rates'!L:T,9,0),0)))))))) -> 0 | GU14: F23T | HC14: 2 | HD14: =IF(HC14=0,0,IF(LEN(GU14)=11,_xlfn.XLOOKUP(GU14,'Dispensed Ink Rates'!C:C,'Dispensed Ink Rates'!CS:CS),VLOOKUP(GU14,'Jan-2026 rates'!$E:$F,2,0))) -> 0 | HF14: =IF(HE14=0,0,IF(LEN(GV14)=11,_xlfn.XLOOKUP(GV14,'Dispensed Ink Rates'!C:C,'Dispensed Ink Rates'!CS:CS),VLOOKUP(GV14,'Jan-2026 rates'!$E:$F,2,0))) -> 0 | HH14: =IF(HG14=0,0,IF(LEN(GW14)=11,_xlfn.XLOOKUP(GW14,'Dispensed Ink Rates'!C:C,'Dispensed Ink Rates'!CS:CS),VLOOKUP(GW14,'Jan-2026 rates'!$E:$F,2,0))) -> 0 | HJ14: =IF(HI14=0,0,IF(LEN(GX14)=11,_xlfn.XLOOKUP(GX14,'Dispensed Ink Rates'!C:C,'Dispensed Ink Rates'!CS:CS),VLOOKUP(GX14,'Jan-2026 rates'!$E:$F,2,0))) -> 0 | HL14: =IF(HK14=0,0,IF(LEN(GY14)=11,_xlfn.XLOOKUP(GY14,'Dispensed Ink Rates'!C:C,'Dispensed Ink Rates'!CS:CS),VLOOKUP(GY14,'Jan-2026 rates'!$E:$F,2,0))) -> 0 | HN14: =IF(HM14=0,0,IF(LEN(GZ14)=11,_xlfn.XLOOKUP(GZ14,'Dispensed Ink Rates'!C:C,'Dispensed Ink Rates'!CS:CS),VLOOKUP(GZ14,'Jan-2026 rates'!$E:$F,2,0))) -> 0 | HP14: =IF(HO14=0,0,IF(LEN(HA14)=11,_xlfn.XLOOKUP(HA14,'Dispensed Ink Rates'!C:C,'Dispensed Ink Rates'!CS:CS),VLOOKUP(HA14,'Jan-2026 rates'!$E:$F,2,0))) -> 0 | HR14: =IF(HQ14=0,0,IF(LEN(HB14)=11,_xlfn.XLOOKUP(HB14,'Dispensed Ink Rates'!C:C,'Dispensed Ink Rates'!CS:CS),VLOOKUP(HB14,'Jan-2026 rates'!$E:$F,2,0))) -> 0 | HS14: ToyoLi | HT14: 24 | HU14: =IFERROR(IF(HV14<=0,0,(GP14*GQ14+GS14*GT14+HC14*HD14+HE14*HF14+HG14*HH14+HI14*HJ14+HK14*HL14+HM14*HN14+HO14*HP14+HQ14*HR14+(KY14/SUM(KT14:LA14)*LL14)*LX14)/(GP14+GS14+HC14+HE14+HG14+HI14+HK14+HM14+HO14+HQ14+(KY14/SUM(KT14:LA14)*LL14))),0) -> 0 | HV14: =IFERROR((GP14+GS14+HC14+HE14+HG14+HI14+HK14+HM14+HO14+HQ14+(KY14/SUM(KT14:LA14)*LL14)-HT14),0) -> 9.9555556 | HW14: =IFERROR(IF(HV14<=0,0,(GP14*GQ14+GS14*GT14+HC14*HD14+HE14*HF14+HG14*HH14+HI14*HJ14+HK14*HL14+HM14*HN14+HO14*HP14+HQ14*HR14-HT14*HU14+(KY14/SUM(KT14:LA14)*LL14)*LX14)),0) -> 0 | HX14: WHITE | HY14: R00010W | HZ14: =CONCATENATE(JD14," - ",HX14) -> ToyoLi - WHITE | IA14: 20 | IB14: =IF(IA14=0,0,IF($LB14=70%,VLOOKUP($HZ14,'Jan-2026 rates'!$L:$R,4,0),IF($LB14=65%,VLOOKUP($HZ14,'Jan-2026 rates'!$L:$R,4,0),IF($LB14=40%,VLOOKUP($HZ14,'Jan-2026 rates'!$L:$R,5,0),IF($LB14=30%,VLOOKUP($HZ14,'Jan-2026 rates'!$L:$R,6,0),IF($LB14=100%,VLOOKUP($HZ14,'Jan-2026 rates'!$L:$R,7,0),IF($LB14=60%,VLOOKUP($HZ14,'Jan-2026 rates'!$L:$S,8,0),IF($LB14=80%,VLOOKUP($HZ14,'Jan-2026 rates'!L:T,9,0),0)))))))) -> 0 | IE14: =IF(ID14=0,0,IF($LB14=70%,VLOOKUP($HZ14,'Jan-2026 rates'!$L:$R,4,0),IF($LB14=65%,VLOOKUP($HZ14,'Jan-2026 rates'!$L:$R,4,0),IF($LB14=40%,VLOOKUP($HZ14,'Jan-2026 rates'!$L:$R,5,0),IF($LB14=30%,VLOOKUP($HZ14,'Jan-2026 rates'!$L:$R,6,0),IF($LB14=100%,VLOOKUP($HZ14,'Jan-2026 rates'!$L:$R,7,0),IF($LB14=60%,VLOOKUP($HZ14,'Jan-2026 rates'!$L:$S,8,0),IF($LB14=80%,VLOOKUP($HZ14,'Jan-2026 rates'!L:T,9,0),0)))))))) -> 0 | IF14: F640 | IN14: 40 | IO14: =IF(IN14=0,0,IF(LEN(IF14)=11,_xlfn.XLOOKUP(IF14,'Dispensed Ink Rates'!C:C,'Dispensed Ink Rates'!CS:CS),VLOOKUP(IF14,'Jan-2026 rates'!$E:$F,2,0))) -> 0 | IQ14: =IF(IP14=0,0,IF(LEN(IG14)=11,_xlfn.XLOOKUP(IG14,'Dispensed Ink Rates'!C:C,'Dispensed Ink Rates'!CS:CS),VLOOKUP(IG14,'Jan-2026 rates'!$E:$F,2,0))) -> 0 | IS14: =IF(IR14=0,0,IF(LEN(IH14)=11,_xlfn.XLOOKUP(IH14,'Dispensed Ink Rates'!C:C,'Dispensed Ink Rates'!CS:CS),VLOOKUP(IH14,'Jan-2026 rates'!$E:$F,2,0))) -> 0 | IU14: =IF(IT14=0,0,IF(LEN(II14)=11,_xlfn.XLOOKUP(II14,'Dispensed Ink Rates'!C:C,'Dispensed Ink Rates'!CS:CS),VLOOKUP(II14,'Jan-2026 rates'!$E:$F,2,0))) -> 0 | IW14: =IF(IV14=0,0,IF(LEN(IJ14)=11,_xlfn.XLOOKUP(IJ14,'Dispensed Ink Rates'!C:C,'Dispensed Ink Rates'!CS:CS),VLOOKUP(IJ14,'Jan-2026 rates'!$E:$F,2,0))) -> 0 | IY14: =IF(IX14=0,0,IF(LEN(IK14)=11,_xlfn.XLOOKUP(IK14,'Dispensed Ink Rates'!C:C,'Dispensed Ink Rates'!CS:CS),VLOOKUP(IK14,'Jan-2026 rates'!$E:$F,2,0))) -> 0 | JA14: =IF(IZ14=0,0,IF(LEN(IL14)=11,_xlfn.XLOOKUP(IL14,'Dispensed Ink Rates'!C:C,'Dispensed Ink Rates'!CS:CS),VLOOKUP(IL14,'Jan-2026 rates'!$E:$F,2,0))) -> 0 | JC14: =IF(JB14=0,0,IF(LEN(IM14)=11,_xlfn.XLOOKUP(IM14,'Dispensed Ink Rates'!C:C,'Dispensed Ink Rates'!CS:CS),VLOOKUP(IM14,'Jan-2026 rates'!$E:$F,2,0))) -> 0 | JD14: ToyoLi | JE14: 20 | JF14: =IFERROR(IF(JG14<=0,0,(IA14*IB14+ID14*IE14+IN14*IO14+IP14*IQ14+IR14*IS14+IT14*IU14+IV14*IW14+IX14*IY14+IZ14*JA14+JB14*JC14+(KZ14/SUM(KT14:LA14)*LL14)*LX14)/(IA14+ID14+IN14+IP14+IR14+IT14+IV14+IX14+IZ14+JB14+(KZ14/SUM(KT14:LA14)*LL14))),0) -> 0 | JG14: =IFERROR((IA14+ID14+IN14+IP14+IR14+IT14+IV14+IX14+IZ14+JB14+(KZ14/SUM(KT14:LA14)*LL14)-JE14),0) -> 99.555556 | JH14: =IFERROR(IF(JG14<=0,0,(IA14*IB14+ID14*IE14+IN14*IO14+IP14*IQ14+IR14*IS14+IT14*IU14+IV14*IW14+IX14*IY14+IZ14*JA14+JB14*JC14-JE14*JF14+(KZ14/SUM(KT14:LA14)*LL14)*LX14)),0) -> 0 | JI14: MATT | JJ14: R00010M | JK14: =CONCATENATE(KO14," - ",JI14) -> HI-TECH INK - MATT | JL14: 20 | JM14: =IF(JL14=0,0,IF($LB14=70%,VLOOKUP($JK14,'Jan-2026 rates'!$L:$R,4,0),IF($LB14=65%,VLOOKUP($JK14,'Jan-2026 rates'!$L:$R,4,0),IF($LB14=40%,VLOOKUP($JK14,'Jan-2026 rates'!$L:$R,5,0),IF($LB14=30%,VLOOKUP($JK14,'Jan-2026 rates'!$L:$R,6,0),IF($LB14=100%,VLOOKUP($JK14,'Jan-2026 rates'!$L:$R,7,0),IF($LB14=60%,VLOOKUP($JK14,'Jan-2026 rates'!$L:$S,8,0),IF($LB14=80%,VLOOKUP($JK14,'Jan-2026 rates'!L:T,9,0),0)))))))) -> 0 | JP14: =IF(JO14=0,0,IF($LB14=70%,VLOOKUP($JK14,'Jan-2026 rates'!$L:$R,4,0),IF($LB14=65%,VLOOKUP($JK14,'Jan-2026 rates'!$L:$R,4,0),IF($LB14=40%,VLOOKUP($JK14,'Jan-2026 rates'!$L:$R,5,0),IF($LB14=30%,VLOOKUP($JK14,'Jan-2026 rates'!$L:$R,6,0),IF($LB14=100%,VLOOKUP($JK14,'Jan-2026 rates'!$L:$R,7,0),IF($LB14=60%,VLOOKUP($JK14,'Jan-2026 rates'!$L:$S,8,0),IF($LB14=80%,VLOOKUP($JK14,'Jan-2026 rates'!L:T,9,0),0)))))))) -> 0 | JQ14: 2066 | JY14: 40 | JZ14: =IF(JY14=0,0,IF(LEN(JQ14)=11,_xlfn.XLOOKUP(JQ14,'Dispensed Ink Rates'!C:C,'Dispensed Ink Rates'!CS:CS),VLOOKUP(JQ14,'Jan-2026 rates'!$E:$F,2,0))) -> 0 | KB14: =IF(KA14=0,0,IF(LEN(JR14)=11,_xlfn.XLOOKUP(JR14,'Dispensed Ink Rates'!C:C,'Dispensed Ink Rates'!CS:CS),VLOOKUP(JR14,'Jan-2026 rates'!$E:$F,2,0))) -> 0 | KD14: =IF(KC14=0,0,IF(LEN(JS14)=11,_xlfn.XLOOKUP(JS14,'Dispensed Ink Rates'!C:C,'Dispensed Ink Rates'!CS:CS),VLOOKUP(JS14,'Jan-2026 rates'!$E:$F,2,0))) -> 0 | KF14: =IF(KE14=0,0,IF(LEN(JT14)=11,_xlfn.XLOOKUP(JT14,'Dispensed Ink Rates'!C:C,'Dispensed Ink Rates'!CS:CS),VLOOKUP(JT14,'Jan-2026 rates'!$E:$F,2,0))) -> 0 | KH14: =IF(KG14=0,0,IF(LEN(JU14)=11,_xlfn.XLOOKUP(JU14,'Dispensed Ink Rates'!C:C,'Dispensed Ink Rates'!CS:CS),VLOOKUP(JU14,'Jan-2026 rates'!$E:$F,2,0))) -> 0 | KJ14: =IF(KI14=0,0,IF(LEN(JV14)=11,_xlfn.XLOOKUP(JV14,'Dispensed Ink Rates'!C:C,'Dispensed Ink Rates'!CS:CS),VLOOKUP(JV14,'Jan-2026 rates'!$E:$F,2,0))) -> 0 | KL14: =IF(KK14=0,0,IF(LEN(JW14)=11,_xlfn.XLOOKUP(JW14,'Dispensed Ink Rates'!C:C,'Dispensed Ink Rates'!CS:CS),VLOOKUP(JW14,'Jan-2026 rates'!$E:$F,2,0))) -> 0 | KN14: =IF(KM14=0,0,IF(LEN(JX14)=11,_xlfn.XLOOKUP(JX14,'Dispensed Ink Rates'!C:C,'Dispensed Ink Rates'!CS:CS),VLOOKUP(JX14,'Jan-2026 rates'!$E:$F,2,0))) -> 0 | KO14: HI-TECH INK | KP14: 21 | KQ14: =IFERROR(IF(KR14<=0,0,(JL14*JM14+JO14*JP14+JY14*JZ14+KA14*KB14+KC14*KD14+KE14*KF14+KG14*KH14+KI14*KJ14+KK14*KL14+KM14*KN14+(LA14/SUM(KT14:LA14)*LL14)*LX14)/(JL14+JO14+JY14+KA14+KC14+KE14+KG14+KI14+KK14+KM14+(LA14/SUM(KT14:LA14)*LL14))),0) -> 0 | KR14: =IFERROR((JL14+JO14+JY14+KA14+KC14+KE14+KG14+KI14+KK14+KM14+(LA14/SUM(KT14:LA14)*LL14)-KP14),0) -> 83.666667 | KS14: =IFERROR(IF(KR14<=0,0,(JL14*JM14+JO14*JP14+JY14*JZ14+KA14*KB14+KC14*KD14+KE14*KF14+KG14*KH14+KI14*KJ14+KK14*KL14+KM14*KN14-KP14*KQ14+(LA14/SUM(KT14:LA14)*LL14)*LX14)),0) -> 0 | KT14: 1 | KU14: 2 | KV14: 2 | KW14: 2 | KX14: 1 | KY14: 2 | KZ14: 20 | LA14: 15 | LB14: 0.3 | LE14: 0.5 | LF14: 0.2 | LG14: 0 | LH14: =35+30+18+30+5+4+12 -> 134 | LI14: 0 | LJ14: 0 | LK14: =LG14+LH14+LI14-LJ14 -> 134 | LL14: =IF(LK14<=0,SUM(KT14:LA14),LK14) -> 134 | LM14: =IFERROR($LL14*LB14,0) -> 40.2 | LN14: =VLOOKUP($LM$8,'Jan-2026 rates'!$H:$I,2,0) -> 0 | LO14: =IFERROR(LL14*LC14,0) -> 0 | LP14: =VLOOKUP($LO$8,'Jan-2026 rates'!$H:$I,2,0) -> 0 | LQ14: =IFERROR(LL14*LD14,0) -> 0 | LR14: =VLOOKUP($LQ$8,'Jan-2026 rates'!$H:$I,2,0) -> 0 | LS14: =IFERROR(LL14*LE14,0) -> 67 | LT14: =VLOOKUP($LS$8,'Jan-2026 rates'!$H:$I,2,0) -> 0 | LU14: =IFERROR(LL14*LF14,0) -> 26.8 | LV14: =VLOOKUP($LU$8,'Jan-2026 rates'!$H:$I,2,0) -> 0 | LW14: =(LM14*LN14+LO14*LP14+LQ14*LR14+LS14*LT14+LU14*LV14) -> 0 | LX14: =IFERROR(LW14/LL14,0) -> 0 | LY14: =AT14+CE14+DP14+FA14+GL14+HW14+JH14+KS14 -> 0 | MA14: =Z14+AB14+AD14+AF14+AH14+AJ14+AL14+AN14+BK14+BM14+BO14+BQ14+BS14+BU14+BW14+BY14+CV14+CX14+CZ14+DB14+DD14+DF14+DH14+DJ14+EG14+EI14+EK14+EM14+EO14+EQ14+ES14+EU14+FR14+FT14+FV14+FX14+FZ14+GB14+GD14+GF14+HC14+HE14+HG14+HI14+HK14+HM14+HO14+HQ14+IN14+IP14+IR14+IT14+IV14+IX14+IZ14+JB14+JY14+KA14+KC14+KE14+KG14+KI14+KK14+KM14 -> 96 | MB14: =AS14+CD14+DO14+EZ14+GK14+HV14+JG14+KR14 -> 256 | MC14: TL5 | MD14: =CONCATENATE(AP14,CA14,DL14,EW14,GH14,HS14,JD14,KO14) -> ToyoLiToyoLiToyoLiToyoLiToyoLiToyoLiToyoLiHI-TECH INK | ME14: =IF(AQ14<>"",IF(AS14>0,"+","-"),"NIL") -> + | MF14: =IF(CB14<>"",IF(CD14>0,"+","-"),"NIL") -> + | MG14: =IF(DM14<>"",IF(DO14>0,"+","-"),"NIL") -> + | MH14: =IF(EX14<>"",IF(EZ14>0,"+","-"),"NIL") -> + | MI14: =IF(GI14<>"",IF(GK14>0,"+","-"),"NIL") -> + | MJ14: =IF(HT14<>"",IF(HV14>0,"+","-"),"NIL") -> + | MK14: =IF(JE14<>"",IF(JG14>0,"+","-"),"NIL") -> + | ML14: =IF(KP14<>"",IF(KR14>0,"+","-"),"NIL") -> + | MM14: {=OR(ME14:ML14="-")} -> FALSE
